Trip_ID,Accel_Mean,Accel_Std,Accel_Max,Accel_Min,Accel_Range,Gyro_Mean,Gyro_Std,Gyro_Max,Gyro_Min,Gyro_Range,Accel_Spike_Count,Gyro_Spike_Count,Total_Sensor_Spikes,Duration_Min_x,Accel_Spikes_Per_10_Min,Gyro_Spikes_Per_10_Min,Total_Spikes_Per_10_Min,Driver_ID,Vehicle_ID,Trip_Date,Duration_Min_y,Distance_KM,Avg_Speed_kmph,Max_Speed_kmph,Accel_Variability_Z,Gyro_Variability_Z,Sensor_Variability_Index
T00001,1.015942849371013,0.07193238908424672,1.186010539582174,0.9058553968487465,0.28015514273342756,2.626879318044309,1.0672700618836541,5.05419627636284,0.8562125904236635,4.197983685939176,2,0,2,16,1.25,0.0,1.25,D01,V01,2026-08-04,16,9.34,28.7,39.4,-0.06496033400746445,-1.3179307415584087,-0.6914455377829366
T00002,0.9981214659653616,0.04317178418357944,1.07032004559384,0.8954568666328937,0.17486317896094627,4.626561836212162,7.208373975108703,36.400853011983116,0.8315647900193947,35.569288221963724,0,1,1,22,0.0,0.4545454545454546,0.4545454545454546,D01,V01,2026-08-02,22,5.0,28.5,54.4,-0.7122116755377031,0.17980820651100093,-0.2662017345133511
T00003,1.0168001188706366,0.08421880685859248,1.1912199628951825,0.8812916656816857,0.3099282972134968,4.699843083707394,6.789118059552954,38.31371294980428,2.0432572035845125,36.27045574621977,4,1,5,27,1.4814814814814814,0.37037037037037035,1.8518518518518516,D01,V01,2026-07-31,27,7.25,16.9,32.7,0.21154290417240285,0.07755689749405588,0.14454990083322936
T00004,1.004190567676735,0.05943017200806016,1.223474151749844,0.8712938654667551,0.35218028628308884,7.708967822806433,12.728350758695036,54.095155975373615,1.059669759878048,53.03548621549557,1,5,6,42,0.23809523809523808,1.1904761904761905,1.4285714285714284,D01,V01,2026-07-31,42,9.27,23.9,40.4,-0.3463200899170581,1.526061964473293,0.5898709372781175
T00005,1.0404150700687913,0.0914955671325,1.2658645267168205,0.9042792710219559,0.36158525569486455,6.098401847544783,12.215527119804703,46.65755351494546,1.7555056251689993,44.90204788977646,1,1,2,13,0.7692307692307693,0.7692307692307693,1.5384615384615385,D01,V01,2026-08-01,13,7.74,28.7,42.5,0.3753048579125104,1.4009906502096372,0.8881477540610738
T00006,1.0376359515598574,0.07437592523380064,1.1910377827760124,0.9319104034186978,0.25912737935731456,5.227250844770779,8.662947033554333,40.71288002585914,1.3183702059740277,39.394509819885116,3,1,4,19,1.5789473684210527,0.5263157894736842,2.1052631578947367,D01,V01,2026-08-05,19,11.26,21.7,33.4,-0.009969068825843934,0.5345605040181065,0.2622957175961313
T00007,1.0517059681150167,0.05367784157680774,1.1989353610599698,0.9925905500255379,0.20634481103443192,3.610976096774266,1.572885756179052,6.751570187741515,1.39663882231592,5.354931365425594,1,0,1,15,0.6666666666666666,0.0,0.6666666666666666,D01,V01,2026-08-03,15,6.2,20.0,38.2,-0.4757750718763202,-1.1946173554307864,-0.8351962136535533
T00008,1.0323590206089621,0.09338428069802206,1.405850632179678,0.8660767864340898,0.5397738457455882,6.52930803927015,10.93985591502604,50.628053488160106,0.7933473388119481,49.83470614934816,2,5,7,41,0.4878048780487805,1.2195121951219512,1.707317073170732,D01,V01,2026-08-04,41,14.97,25.3,41.7,0.4178099579711726,1.0898702921559251,0.7538401250635489
T00009,1.086552703846149,0.18094869205599987,1.6397326001516224,0.9404918925753692,0.6992407075762531,5.110172455488585,8.559156620699921,48.700853175278155,1.0543718509140882,47.64648132436407,7,3,10,31,2.258064516129032,0.967741935483871,3.225806451612903,D01,V01,2026-08-06,31,17.09,23.8,42.3,2.3884285495308326,0.5092473118030246,1.4488379306669286
T00010,1.0130179965443091,0.0868266549569978,1.4205565810625074,0.9094927157487299,0.5110638653137775,4.52194448494512,7.329995516023218,44.39888061652005,1.1136426715962353,43.285237944923814,1,2,3,33,0.30303030303030304,0.6060606060606061,0.9090909090909092,D01,V01,2026-08-05,33,16.27,30.6,47.5,0.2702319750744117,0.20947018932806505,0.23985108220123838
T00011,1.024592244195966,0.0786053526282438,1.3824257665422761,0.9133263381727257,0.46909942836955043,4.339219835634773,7.869706665339222,52.701459182834775,0.4948737212663449,52.20658546156843,2,1,3,41,0.4878048780487805,0.24390243902439024,0.7317073170731707,D01,V01,2026-08-03,41,23.39,22.8,33.9,0.08521330179580315,0.34109903333721553,0.21315616756650935
T00012,1.011746764435433,0.12442210055442922,1.5039504646097892,0.8867677260703617,0.6171827385394275,3.3775687869988356,2.029834120453875,9.894311497016858,0.8684468895678077,9.02586460744905,2,1,3,29,0.6896551724137931,0.3448275862068966,1.0344827586206897,D01,V01,2026-08-05,29,11.69,32.1,45.8,1.1163095413289386,-1.0831733264578915,0.016568107435523505
T00013,1.0078956213582564,0.0670446386400711,1.2593482441326544,0.8876277372863018,0.3717205068463526,6.810928980477781,12.981530167518398,52.43196925540753,1.167690027361714,51.264279228045815,1,3,4,37,0.2702702702702703,0.8108108108108109,1.0810810810810811,D01,V01,2026-08-01,37,14.92,28.1,47.0,-0.17495812588229018,1.587809276813559,0.7064255754656344
T00014,1.0262390480409938,0.05699541958024761,1.1274945676144077,0.9281088298254683,0.19938573778893942,7.264724001023139,12.43380428078334,49.80862977436741,0.7424957912338628,49.06613398313355,0,2,2,24,0.0,0.8333333333333333,0.8333333333333333,D01,V01,2026-08-05,24,16.29,29.5,45.0,-0.4011136792952535,1.4542257379220735,0.5265560293134101
T00015,1.0283074821275564,0.055822317674014243,1.2349518209225814,0.9419262179173059,0.29302560300527547,5.918455264219544,9.662745655294678,50.654730282570846,1.5373353570382748,49.11739492553257,2,2,4,37,0.5405405405405406,0.5405405405405406,1.0810810810810811,D01,V01,2026-08-01,37,14.69,19.9,47.2,-0.4275140900370878,0.7783989664779021,0.17544243822040714
T00016,1.1325710053677713,0.23287514799587258,1.7313581374169815,0.9765618259997674,0.7547963114172141,7.315028202127649,11.116079045962342,41.82192487200942,1.5605447766725566,40.26138009533686,3,2,5,14,2.142857142857143,1.4285714285714284,3.5714285714285716,D02,V02,2026-08-02,14,6.21,23.1,44.7,3.5570224780686033,1.132848924415451,2.344935701242027
T00017,1.0537789164149598,0.09390817389495192,1.3885366397758467,0.9496004422913882,0.43893619748445856,5.427644492458572,6.791321304880908,34.4402047032244,1.4544414735560864,32.985763229668315,3,2,5,25,1.2,0.8,2.0,D02,V02,2026-08-06,25,9.63,22.8,38.0,0.4296000637670194,0.07809424165667825,0.2538471527118488
T00018,1.0537890966530141,0.1795065567953587,1.703150609899195,0.9034849196306489,0.7996656902685462,4.504002458902011,5.624391990307027,25.253209696987035,0.48579831205964474,24.767411384927392,4,3,7,25,1.6,1.2,2.8000000000000003,D02,V02,2026-08-06,25,19.0,22.2,33.7,2.3559735999446922,-0.2065053203727802,1.074734139785956
T00019,1.0271155938567655,0.11467646413997183,1.4271278849493483,0.869115067180405,0.5580128177689433,3.5315977282428848,1.5991848205848977,8.566031753384994,1.6470883400716552,6.918943413313339,1,1,2,20,0.5,0.5,1.0,D02,V02,2026-08-01,20,6.61,16.9,31.5,0.8969860512594672,-1.188203340358741,-0.14560864454963696
T00020,1.0958517548196867,0.2099410945003592,1.78548424804029,0.8591210624818832,0.9263631855584067,4.215979969951618,3.539755017073151,17.12203550983352,0.7743384273042376,16.347697082529283,7,4,11,43,1.6279069767441863,0.9302325581395349,2.558139534883721,D02,V02,2026-08-05,43,9.39,21.7,44.1,3.040896445846211,-0.7149223788553868,1.1629870334954122
T00021,1.0184967938342078,0.14006359292095252,1.6733514275250132,0.8741910546327959,0.7991603728922173,6.690252666638946,11.541266342351172,52.91958144203335,0.8591856609604236,52.06039578107293,2,4,6,45,0.4444444444444445,0.888888888888889,1.3333333333333333,D02,V02,2026-08-01,45,23.92,18.8,36.3,1.468318024903368,1.2365468235267933,1.3524324242150807
T00022,1.0174957828314606,0.1258508649878817,1.4606115157700217,0.8626012983992083,0.5980102173708134,5.1282002742214425,7.064593654001763,38.723154571909554,0.425440947723653,38.2977136241859,3,3,6,41,0.7317073170731707,0.7317073170731707,1.4634146341463414,D02,V02,2026-08-02,41,11.6,22.3,36.9,1.148463583271963,0.1447419725031319,0.6466027778875474
T00023,1.008604912692706,0.06805649562492885,1.165230020210602,0.9087727988886991,0.25645722132190296,3.0111624625849176,1.0444283867817419,4.99373607632602,1.2276807402578245,3.766055336068196,1,0,1,21,0.47619047619047616,0.0,0.47619047619047616,D02,V02,2026-08-03,21,15.2,26.8,50.7,-0.15218649805499332,-1.3235015423334304,-0.7378440201942119
T00024,1.0296087187230771,0.16421883010983074,1.7641368994496995,0.8422814256529702,0.9218554737967294,3.9864427660980093,3.634487958684098,17.802977279095764,0.7066823897621901,17.096294889333574,3,2,5,35,0.8571428571428572,0.5714285714285714,1.4285714285714284,D02,V02,2026-08-04,35,16.23,27.5,50.5,2.0119265383362617,-0.6918181913476088,0.6600541734943264
T00025,1.0055761150263134,0.10660543698199819,1.2400923352718538,0.8676254952455005,0.37246684002635333,5.758669508094334,10.30520085151564,45.51889058402018,1.3954927445171472,44.12339783950303,3,1,4,17,1.7647058823529413,0.5882352941176471,2.3529411764705883,D02,V02,2026-08-05,17,7.73,19.6,31.9,0.7153492889741153,0.9350858070469922,0.8252175480105537
T00026,1.0115938457816893,0.08042884292754066,1.0915992854523129,0.8366444884178703,0.25495479703444257,3.5691402015910865,1.191675881480307,5.937794203237427,1.8544540975715738,4.083340105665854,0,0,0,13,0.0,0.0,0.0,D02,V02,2026-08-02,13,11.49,28.1,41.9,0.1262505660175959,-1.2875897077623284,-0.5806695708723663
T00027,1.1092730839444902,0.2553544681733084,1.8132459844157935,0.8523731577190825,0.960872826696711,4.9080862681505595,4.7374623686775506,16.70800107732819,1.2444275792507977,15.463573498077393,4,4,8,19,2.1052631578947367,2.1052631578947367,4.2105263157894735,D02,V02,2026-08-02,19,11.53,21.3,34.3,4.062914832968119,-0.4228164359769644,1.8200491984955771
T00028,1.0571693960678041,0.11665273358976976,1.3921328959549801,0.8515538738095201,0.54057902214546,8.654799741477525,13.277175119971362,50.96417859634354,1.982952344359289,48.981226251984246,2,4,6,18,1.1111111111111112,2.2222222222222223,3.333333333333333,D02,V02,2026-08-06,18,9.1,29.3,50.9,0.9414615780095063,1.6599134076580724,1.3006874928337893
T00029,1.042665576984164,0.13603007201558912,1.5047089419552206,0.8988064307736121,0.6059025111816085,4.457807374574528,7.081711050127341,46.02833257896706,0.23108440016582688,45.79724817880123,4,3,7,44,0.9090909090909092,0.6818181818181818,1.5909090909090908,D02,V02,2026-08-06,44,14.25,17.7,36.3,1.3775444884599062,0.14891669275360656,0.7632305906067564
T00030,1.0858367780710345,0.1977244126535394,1.7110160723967498,0.8909012290933266,0.8201148433034232,5.309924425901074,6.029641294735696,28.968413833000938,1.1528659939472583,27.81554783905368,4,3,7,22,1.8181818181818183,1.3636363636363635,3.1818181818181817,D02,V02,2026-08-04,22,10.41,22.1,35.1,2.7659625999931023,-0.10767004979320997,1.329146275099946
T00031,1.0294614862985538,0.05810733886195258,1.119841953134459,0.9376507878736092,0.18219116526084977,5.947503577104677,9.591483114188236,44.120528102007114,1.0856334556377674,43.034894646369345,0,1,1,18,0.0,0.5555555555555556,0.5555555555555556,D03,V03,2026-08-02,18,9.23,14.3,32.4,-0.37609017060193733,0.761018918059626,0.1924643737288443
T00032,1.025803803475414,0.0706447445424329,1.233336126122964,0.9373867931649134,0.2959493329580507,6.311434666758875,11.339396300479216,52.389637334114084,0.6249799996799897,51.7646573344341,5,3,8,38,1.3157894736842104,0.7894736842105263,2.1052631578947367,D03,V03,2026-07-31,38,16.21,13.3,35.6,-0.09393850258151097,1.1873132283243226,0.5466873628714058
T00033,1.0702815806908883,0.1056047538532927,1.2555445033928507,0.9610936478824527,0.29445085551039807,8.613389156803335,13.232652740819347,46.7390489847622,0.9274696760541554,45.81157930870804,3,2,5,14,2.142857142857143,1.4285714285714284,3.5714285714285716,D03,V03,2026-08-03,14,8.27,23.6,46.6,0.6928291264205704,1.6490549525237954,1.170942039472183
T00034,1.0303543814511251,0.052213695402059376,1.1599702582394085,0.9233168470248986,0.2366534112145099,6.697086479564875,12.014617325564892,51.129190292825875,1.3082048769210426,49.82098541590483,2,2,4,22,0.9090909090909092,0.9090909090909092,1.8181818181818183,D03,V03,2026-08-06,22,6.26,29.8,58.8,-0.5087253724376362,1.351991247474641,0.4216329375185024
T00035,1.0368902674298204,0.07356878411875946,1.262246410175129,0.9371307272734153,0.32511568290171367,4.049594603687612,5.495898392804882,33.327026570037724,1.212023102090055,32.115003467947666,3,2,5,32,0.9375,0.625,1.5625,D03,V03,2026-08-03,32,13.38,30.5,54.7,-0.02813360922125464,-0.23784331241392925,-0.13298846081759194
T00036,1.0372005605673627,0.06145999021618479,1.1841397721552973,0.9458609834431273,0.23827878871217,5.522011285624402,10.35941847178135,54.57410832986646,0.44317039612320674,54.130937933743255,4,2,6,31,1.2903225806451613,0.6451612903225806,1.935483870967742,D03,V03,2026-08-06,31,19.96,19.9,51.2,-0.3006394596657559,0.9483088110363428,0.32383467568529345
T00037,1.02813271459478,0.06258312771610033,1.251519476476495,0.9283065226529436,0.3232129538235514,4.572468178445142,7.4283757670864805,46.07274573975378,0.5751521537819363,45.49759358597184,4,2,6,43,0.9302325581395349,0.46511627906976744,1.3953488372093024,D03,V03,2026-08-05,43,18.13,25.4,68.8,-0.2753634873399309,0.23346391029751107,-0.020949788521209906
T00038,1.018233578713429,0.04950867528853536,1.169466117508327,0.9197450733763134,0.24972104413201357,3.9936064013041106,4.568622631232868,32.286695402286064,1.0670051546267245,31.21969024765934,2,1,3,44,0.4545454545454546,0.2272727272727273,0.6818181818181818,D03,V03,2026-07-31,44,19.77,22.0,52.3,-0.5696012790255424,-0.46399435029431274,-0.5167978146599276
T00039,1.0168616542713893,0.06217797098227312,1.2707230225348087,0.9374230635097475,0.33329995902506127,7.882012575168183,13.110029309848793,51.5248017948638,0.6899275324264136,50.83487426243738,1,3,4,25,0.4,1.2,1.6,D03,V03,2026-07-31,25,11.92,22.4,52.3,-0.2844814541005531,1.61914862116943,0.6673335835344384
T00040,1.049047548860447,0.06768467259444999,1.231839681127378,0.9713835493768669,0.2604561317505111,6.9184362836924915,11.076263842173352,50.8456389477013,0.9825477087653302,49.86309123893597,5,3,8,31,1.6129032258064515,0.967741935483871,2.5806451612903225,D03,V03,2026-08-06,31,13.65,21.8,49.9,-0.16055429685896422,1.1231384908708124,0.4812920970059241
T00041,1.029679941368934,0.062140884047365126,1.223706664196939,0.9561511386804912,0.2675555255164478,3.126528721095188,1.2376238555469328,5.602017493724917,0.7696752561957543,4.832342237529163,3,0,3,35,0.8571428571428572,0.0,0.8571428571428572,D03,V03,2026-08-03,35,12.38,27.4,60.1,-0.28531608774109546,-1.2763835677398045,-0.78084982774045
T00042,1.0202964074029617,0.05970196097462101,1.2164312557641719,0.9357547755688987,0.28067648019527314,4.299358065304892,7.956287320378015,52.91763978107868,1.0562196741208716,51.86142010695781,2,1,3,40,0.5,0.25,0.75,D03,V03,2026-08-04,40,7.88,21.5,53.4,-0.3402035366029954,0.36221497943311265,0.011005721415058622
T00043,1.0241918340247302,0.05671591198924046,1.177146974680732,0.9287863048085927,0.24836066987213923,5.4475217070881286,8.771482475045785,46.735243660432545,0.7839005038906404,45.9513431565419,3,3,6,39,0.7692307692307693,0.7692307692307693,1.5384615384615385,D03,V03,2026-08-01,39,20.88,16.4,47.1,-0.40740393862297253,0.561030949766074,0.07681350557155076
T00044,1.042267187433185,0.0812642815858305,1.2244088369494888,0.9086677060400024,0.3157411309094864,5.014368074494082,5.9396326808350945,33.5231472269535,1.7259490143106777,31.79719821264282,4,3,7,27,1.4814814814814814,1.1111111111111112,2.5925925925925926,D03,V03,2026-08-06,27,9.3,32.4,59.1,0.1450519366498172,-0.12962203246693685,0.007714952091440172
T00045,1.0438763260403061,0.0864344349783982,1.4760745238638868,0.9349657747746706,0.5411087490892162,7.657542839845995,12.651470852947067,50.590286617096766,0.5065570056765576,50.08372961142021,3,5,8,43,0.6976744186046512,1.1627906976744187,1.8604651162790697,D03,V03,2026-08-05,43,13.14,22.1,55.4,0.2614051472590599,1.5073119106084383,0.8843585289337491
T00046,1.0029170335464495,0.04946212325138612,1.1856023785401244,0.9256570639281051,0.2599453146120193,4.017363785619891,4.285748766736158,31.213913564306544,0.6697014260101288,30.544212138296416,2,1,3,45,0.4444444444444445,0.22222222222222224,0.6666666666666666,D04,V04,2026-08-05,45,18.81,28.0,48.1,-0.5706489227938107,-0.5329837714528186,-0.5518163471233146
T00047,1.0105378184779732,0.03766773945081514,1.117761155166881,0.9355827061249049,0.182178449041976,4.440458895133281,8.780838190380885,52.672340939054536,0.7256721022610694,51.946668836793464,0,1,1,33,0.0,0.30303030303030304,0.30303030303030304,D04,V04,2026-08-05,33,15.2,32.4,50.7,-0.8360790402690159,0.5633126925019777,-0.13638317388351912
T00048,1.0215277770065345,0.04521312460423233,1.1679507695104274,0.9374433316206373,0.2305074378897901,4.9705233556052475,8.490331355447697,50.57668039719491,1.15316954521007,49.423510851984844,1,1,2,32,0.3125,0.3125,0.625,D04,V04,2026-08-05,32,16.54,23.9,42.9,-0.6662717403259499,0.4924616846851585,-0.08690502782039572
T00049,1.0206382820545572,0.07251093589403845,1.3085339124378854,0.9265257686648548,0.3820081437730306,6.580323171741992,11.421853420828912,54.67139379968285,1.6414018398917434,53.02999195979111,2,3,5,32,0.625,0.9375,1.5625,D04,V04,2026-08-02,32,10.78,29.8,51.6,-0.0519402601922906,1.207423495539868,0.5777416176737886
T00050,1.0124790602409224,0.05176944674409371,1.22506897764983,0.940278150336378,0.28479082731345207,2.8366518150555535,1.0576381929435503,5.235494246009635,0.8535221145348257,4.381972131474809,1,0,1,38,0.2631578947368421,0.0,0.2631578947368421,D04,V04,2026-07-31,38,10.83,22.3,37.6,-0.5187230946981515,-1.320279834727672,-0.9195014647129118
T00051,1.037980263800708,0.13024134919532282,1.5611358044705785,0.9471224841592559,0.6140133203113226,5.350716418416077,7.489062988999215,41.24261024717034,0.43185645763378366,40.810753789536555,2,4,6,38,0.5263157894736842,1.0526315789473684,1.5789473684210527,D04,V04,2026-08-01,38,12.83,15.3,29.1,1.2472705034688207,0.2482647697509867,0.7477676366099038
T00052,1.0236393718231505,0.039682594121115786,1.1539696703120061,0.9480527411489299,0.20591692916307625,7.458190320492856,10.101897693031345,37.045804080894236,1.2278436382536662,35.81796044264057,1,3,4,21,0.47619047619047616,1.4285714285714284,1.9047619047619047,D04,V04,2026-08-03,21,7.47,18.6,34.8,-0.7907351612774339,0.8855026925076475,0.047383765615106765
T00053,1.0185296237434016,0.051901266553707505,1.179129339809675,0.9461490368858386,0.2329803029238363,6.142162821693027,10.851803734670344,46.95580688264232,0.855219270129012,46.10058761251331,1,2,3,29,0.3448275862068966,0.6896551724137931,1.0344827586206897,D04,V04,2026-08-04,29,13.9,19.4,40.6,-0.5157565177117679,1.0683954593172962,0.27631947080276414
T00054,1.0162918784693473,0.03802991747053664,1.1190880215604133,0.938379454165531,0.18070856739488228,5.834317287635635,10.165391098821326,52.14023494385119,0.8507055894961547,51.28952935435503,0,3,3,40,0.0,0.75,0.75,D04,V04,2026-08-01,40,17.54,29.7,50.6,-0.8279283003959451,0.900987945345079,0.03652982247456693
T00055,1.0101394849222773,0.04158845460638174,1.1550177487813769,0.9223665215086679,0.23265122727270893,5.634235016139344,9.545732577520468,42.32453898154119,1.0721940122944167,41.25234496924677,1,2,3,28,0.3571428571428571,0.7142857142857142,1.0714285714285714,D04,V04,2026-08-02,28,13.16,28.1,48.8,-0.747844173409886,0.7498609305657442,0.0010083785779291254
T00056,0.9888626070243822,0.035740033350592115,1.071881523303765,0.9303897032964198,0.14149182000734528,6.012290593690512,11.43534848458188,45.918550717547696,0.5468089245796927,45.371741792968,0,2,2,27,0.0,0.7407407407407407,0.7407407407407407,D04,V04,2026-08-04,27,11.73,16.0,32.5,-0.879461659089263,1.2107147739281026,0.16562655741941978
T00057,1.0216869844314183,0.056254037778762575,1.2101619726301105,0.9492633986412833,0.2608985739888272,3.255770664566137,1.1166445913150247,5.452788277569559,1.1291589790636214,4.323629298505938,1,0,1,29,0.3448275862068966,0.0,0.3448275862068966,D04,V04,2026-07-31,29,16.38,28.4,40.0,-0.41779832022177876,-1.3058889072535522,-0.8618436137376655
T00058,1.0030481537494675,0.04336626459630268,1.0956121576543407,0.9153786101936182,0.1802335474607225,6.687492414367776,11.113714392008188,41.88998687037273,1.2674778104566566,40.62250905991608,0,2,2,20,0.0,1.0,1.0,D04,V04,2026-08-02,20,9.66,25.4,43.6,-0.7078349349068567,1.1322722146942203,0.21221863989368184
T00059,1.0037992253433818,0.04216965978614187,1.1235524019822127,0.9403276024875585,0.1832247994946542,6.435968142872806,9.10947158632802,36.279253024283726,1.084665847162157,35.19458717712157,0,3,3,32,0.0,0.9375,0.9375,D04,V04,2026-08-03,32,18.54,26.9,36.5,-0.7347642735397917,0.6434622948701052,-0.04565098933484324
T00060,1.0036310954217436,0.034441425337850134,1.0631288727148744,0.913630669362626,0.1494982033522484,3.654498074734695,1.459357832228186,7.6356335689974015,1.2509996003196804,6.384633968677721,0,1,1,31,0.0,0.3225806451612903,0.3225806451612903,D04,V04,2026-07-31,31,9.64,20.2,45.7,-0.9086865582620083,-1.2223054056245795,-1.0654959819432939
T00061,1.0063866080761932,0.029078444604615037,1.1031178540845037,0.9596046060748146,0.14351324800968912,3.737050543565355,6.0959737529506475,41.2210977534563,0.7416872656315464,40.47941048782475,0,1,1,42,0.0,0.23809523809523808,0.23809523809523808,D05,V05,2026-08-05,42,19.04,33.1,47.8,-1.029379307464467,-0.09149238734138776,-0.5604358474029274
T00062,0.993322589990292,0.040441785573248845,1.0881066124236174,0.9251189112757344,0.16298770114788297,3.9481713803753795,6.416360441867679,43.291200029567214,0.6487680633323438,42.642431966234874,0,1,1,41,0.0,0.24390243902439024,0.24390243902439024,D05,V05,2026-08-04,41,33.4,23.4,34.1,-0.7736497179229371,-0.01335405436176608,-0.3935018861423516
T00063,1.0052416675677316,0.03521638963545428,1.0737322757559262,0.9272394512745886,0.1464928244813376,3.6995846679665854,4.541584369630062,32.399953703670626,0.8505292469985968,31.54942445667203,0,1,1,45,0.0,0.22222222222222224,0.22222222222222224,D05,V05,2026-08-01,45,28.5,18.7,30.0,-0.8912461503500493,-0.47058864637899595,-0.6809173983645226
T00064,1.0213684695929661,0.06707091242986853,1.2050580898861265,0.9450867685032946,0.25997132138283185,4.6001672679801455,8.45660165497159,45.50683575024746,0.7025667228100119,44.80426902743745,2,1,3,26,0.7692307692307693,0.38461538461538464,1.153846153846154,D05,V05,2026-08-01,26,17.15,31.7,42.0,-0.17436683978965745,0.4842354297929416,0.15493429500164208
T00065,1.0017916837705445,0.03487038539606178,1.0706357924149557,0.9088987842438783,0.1617370081710774,3.356335660190757,1.3092380279064384,6.495205924372221,1.1140466776576285,5.381159246714592,0,0,0,44,0.0,0.0,0.0,D05,V05,2026-08-04,44,15.93,26.5,37.5,-0.8990329027113236,-1.2589177608275324,-1.078975331769428
T00066,1.0100177430058688,0.03453672572044925,1.0665247301399061,0.9430090137427106,0.1235157163971955,2.951144843152112,1.3145028124769738,6.865427881785664,0.9492628719169417,5.916165009868723,0,0,0,22,0.0,0.0,0.0,D05,V05,2026-08-06,22,14.07,22.1,30.8,-0.9065418432708366,-1.2576337452798547,-1.0820877942753457
T00067,1.0034465945590674,0.04339619988554372,1.1086938260854526,0.921835668652499,0.18685815743295364,5.374278843697193,8.466149513382305,45.485595522099075,0.7178439941937246,44.767751527905354,0,2,2,41,0.0,0.4878048780487805,0.4878048780487805,D05,V05,2026-08-05,41,12.07,24.1,33.0,-0.7071612475422384,0.48656403383782404,-0.11029860685220719
T00068,1.0023347931198106,0.033753055439810956,1.0789230741809168,0.94038343243594,0.1385396417449768,4.679040061488005,8.341373643519253,45.81520599102442,0.8144323176298937,45.00077367339453,0,1,1,27,0.0,0.37037037037037035,0.37037037037037035,D05,V05,2026-08-01,27,9.12,23.8,34.5,-0.9241781774930264,0.45613274937923043,-0.234022714056898
T00069,1.0365642063486524,0.12358871699080713,1.6290936130253535,0.9450111110457908,0.6840825019795627,3.065690045056091,1.683234098468087,8.825893722451001,0.997997995989972,7.827895726461029,1,1,2,27,0.37037037037037035,0.37037037037037035,0.7407407407407407,D05,V05,2026-08-02,27,19.08,19.2,24.7,1.0975544201683565,-1.1677047657015585,-0.03507517276660099
T00070,1.0260591961001397,0.14386447550194295,1.662805761356389,0.9211112853504727,0.7416944760059162,5.387783687293084,7.2711392190354065,41.575634691487274,1.0521406750050109,40.52349401648226,2,3,5,39,0.5128205128205128,0.7692307692307693,1.282051282051282,D05,V05,2026-08-05,39,19.7,20.5,29.7,1.553856084969966,0.19511586971657804,0.874485977343272
T00071,1.0210764128012992,0.08816568732580665,1.4204689366543712,0.9563660387111202,0.464102897943251,3.340112135774505,1.8281145694214003,7.184712937898077,0.4144876355212541,6.770225302376822,1,0,1,27,0.37037037037037035,0.0,0.37037037037037035,D05,V05,2026-08-01,27,10.77,18.4,25.2,0.30036661584630425,-1.1323702188142937,-0.4160018014839947
T00072,1.020473569284318,0.10843856402502167,1.5302787327804044,0.9374150628190269,0.5928636699613775,3.302781374904174,1.876879483922593,9.94247957000667,1.150565078559227,8.791914491447443,1,1,2,26,0.38461538461538464,0.38461538461538464,0.7692307692307693,D05,V05,2026-08-03,26,19.89,17.9,25.7,0.7566034260790263,-1.1204770620171216,-0.18193681796904765
T00073,1.0112440846329767,0.03742473620856446,1.0697915684842538,0.9403727984156071,0.12941877006864677,4.253138089280801,5.573450930024436,28.816347790794033,1.2174152947946728,27.59893249599936,0,1,1,22,0.0,0.4545454545454546,0.4545454545454546,D05,V05,2026-08-04,22,13.51,19.3,25.9,-0.8415477769345407,-0.21892921208985092,-0.5302384945121958
T00074,0.9979107559028261,0.03042349427274886,1.0384685840216834,0.9469033741623271,0.09156520985935634,3.271848171590875,1.7022155216788755,6.877354142400986,0.19899748742132398,6.678356654979662,0,0,0,12,0.0,0.0,0.0,D05,V05,2026-08-06,12,7.0,26.6,35.0,-0.9991092486416004,-1.163075432403458,-1.0810923405225292
T00075,1.02095521633655,0.07772938563418683,1.4621347407130438,0.925272392325633,0.5368623483874109,4.047137206089603,3.888205556032548,26.334390063185438,0.6745368781616021,25.659853185023834,1,2,3,41,0.24390243902439024,0.4878048780487805,0.7317073170731707,D05,V05,2026-08-05,41,19.37,20.0,30.2,0.06549984952323192,-0.6299396215124659,-0.28221988599461695
T00076,1.0240979528914387,0.05354296031522945,1.1748757381102053,0.9414371991800621,0.2334385389301432,4.654789315698771,5.533389016299518,27.104228452402033,1.8809837851507387,25.223244667251294,1,1,2,19,0.5263157894736842,0.5263157894736842,1.0526315789473684,D06,V06,2026-08-04,19,9.64,21.8,52.7,-0.4788105461928501,-0.22869981512276658,-0.3537551806578083
T00077,1.0203689651287646,0.05875226276908372,1.1849881855951139,0.9248226857079146,0.2601654998871993,4.331937101986466,7.139936209663671,46.387302141857745,0.6276941930590086,45.75960794879874,3,1,4,38,0.7894736842105263,0.2631578947368421,1.0526315789473684,D06,V06,2026-08-01,38,14.71,23.0,51.3,-0.36157629422425835,0.16311708578185605,-0.09922960422120115
T00078,1.0229275085024327,0.052744789077529865,1.174471796170517,0.9319796135109395,0.2424921826595774,4.278891346111256,5.591636813736379,32.88897383622663,0.858195781858662,32.03077805436797,1,2,3,30,0.3333333333333333,0.6666666666666666,1.0,D06,V06,2026-08-05,30,16.2,28.4,70.0,-0.4967732213923526,-0.21449390099182825,-0.35563356119209044
T00079,1.0286322431910102,0.08903494905009075,1.283590277308145,0.9382307818442113,0.34535949546393363,4.096882689828629,6.285334441446589,27.24945137062396,0.46184412955021964,26.78760724107374,2,1,3,16,1.25,0.625,1.875,D06,V06,2026-08-03,16,10.56,26.1,58.1,0.3199291674382118,-0.04530966801256444,0.1373097497128237
T00080,1.0243562297424504,0.06990737159202044,1.2480360571714264,0.9440895084683443,0.30394654870308213,5.165477695759958,8.970891112847745,50.330785807495594,0.5403702434442518,49.790415564051344,3,2,5,40,0.75,0.5,1.25,D06,V06,2026-08-02,40,3.39,17.7,54.4,-0.1105329251609714,0.609664239096073,0.24956565696755081
T00081,1.0199149110936832,0.05893159924511006,1.1809695169647692,0.9292206411827064,0.25174887578206273,6.22075536139749,10.297982324446165,44.10781903472444,0.9522079604792222,43.15561107424522,3,3,6,36,0.8333333333333333,0.8333333333333333,1.6666666666666665,D06,V06,2026-07-31,36,12.28,25.7,58.3,-0.3575403646916823,0.9333252979768945,0.28789246664260604
T00082,1.0239017089928468,0.07173719959249543,1.269501083103122,0.9455183763417822,0.3239827067613398,5.913722134257785,10.054199895125501,47.46721500151447,0.9246621004453465,46.54255290106912,4,3,7,43,0.9302325581395349,0.6976744186046512,1.6279069767441863,D06,V06,2026-08-04,43,13.82,24.9,55.3,-0.06935303231214085,0.8738697921903478,0.40225837993910346
T00083,1.009313640640437,0.05177729602200923,1.223792874631978,0.9412332335824102,0.28255964104956777,6.946169050339105,11.387043864307241,47.700411947906694,1.781544273937642,45.918867673969054,1,4,5,36,0.2777777777777778,1.1111111111111112,1.3888888888888888,D06,V06,2026-08-05,36,17.44,23.3,48.7,-0.5185464483557533,1.198933877174145,0.3401937144091958
T00084,1.0102770525026028,0.059919836933237866,1.2353420578932783,0.9118711531790005,0.32347090471427786,4.187228937867522,5.133248466353228,34.64974891683921,0.5779273310719956,34.07182158576721,2,1,3,40,0.5,0.25,0.75,D06,V06,2026-08-06,40,10.42,24.3,48.2,-0.3353002841509346,-0.3262891239546604,-0.33079470405279754
T00085,1.0148498225380158,0.0339835516646639,1.0822333389800924,0.9526945995438412,0.12953873943625127,9.969676260288539,16.475582739156092,54.20178687091414,1.4912410938543774,52.710545777059764,0,3,3,20,0.0,1.5,1.5,D06,V06,2026-08-03,20,11.43,25.4,49.3,-0.9189909086136343,2.439965289330144,0.7604871903582547
T00086,1.0251965873987423,0.06337607258091334,1.1932744864447575,0.9345276881933462,0.25874679825141134,4.214988059256662,5.430942497030646,28.04889659148823,1.4738385257551114,26.575058065733117,1,1,2,22,0.4545454545454546,0.4545454545454546,0.9090909090909092,D06,V06,2026-08-04,22,12.86,36.4,61.3,-0.2575184305588817,-0.253685248388714,-0.25560183947379783
T00087,1.014609865373628,0.07431718876628245,1.3727647285678635,0.9202467060522412,0.45251802251562223,7.685404472299818,13.193135218738941,53.746975728872414,0.9394147114027969,52.80756101746962,1,4,5,36,0.2777777777777778,1.1111111111111112,1.3888888888888888,D06,V06,2026-08-05,36,17.77,25.5,49.6,-0.011290920627264726,1.6394171198495175,0.8140630996111264
T00088,1.040111636777886,0.07337589283913144,1.2779319230694568,0.9203743803474758,0.35755754272198104,5.689427488842865,10.328663672525852,50.149650048629454,0.6747592163134936,49.47489083231596,4,3,7,42,0.9523809523809523,0.7142857142857142,1.6666666666666665,D06,V06,2026-08-01,42,18.52,27.9,73.6,-0.03247458674728091,0.9408080975920031,0.4541667554223611
T00089,1.0278321061300446,0.07974709028234432,1.2323656113345585,0.8924886553900839,0.33987695594447453,3.9218063830188328,4.500730626501879,29.998189945395037,0.6063827174318213,29.391807227963216,4,1,5,38,1.0526315789473684,0.2631578947368421,1.3157894736842104,D06,V06,2026-08-06,38,17.55,35.8,63.4,0.11090786666481287,-0.48055236676577073,-0.18482225005047892
T00090,1.0285850977133126,0.06029016673830996,1.1199299085210646,0.9224256067564474,0.1975043017646172,5.8081321262382515,12.087894824856258,47.54245050478572,0.11575836902790225,47.42669213575782,0,1,1,14,0.0,0.7142857142857142,0.7142857142857142,D06,V06,2026-08-04,14,26.46,17.4,44.2,-0.3269660900695026,1.369862719160612,0.5214483145455547
T00091,1.021189165512249,0.06240421172754243,1.2365193083813937,0.9163039888595924,0.32021531952180127,4.076777865927507,5.588269520815562,39.47117175863924,0.8235289915965316,38.647642767042704,3,1,4,44,0.6818181818181818,0.2272727272727273,0.9090909090909092,D07,V07,2026-08-02,44,10.44,16.2,34.5,-0.27938995389080046,-0.215315141900357,-0.24735254789557873
T00092,1.025752564143854,0.08843256798892671,1.4930766892561147,0.9260280773281122,0.5670486119280025,5.551050069811775,9.157479140052889,41.94645873014789,0.7239475119095307,41.22251121823836,2,4,6,41,0.4878048780487805,0.975609756097561,1.4634146341463414,D07,V07,2026-08-05,41,16.75,30.9,44.8,0.30637270882764234,0.6551707407832944,0.48077172480546837
T00093,1.002345252490736,0.042107325964785614,1.0891749170817329,0.9243792511734564,0.16479566590827643,5.261842288252251,8.830803681457843,45.618935761369976,0.7487322618933954,44.87020349947658,0,2,2,32,0.0,0.625,0.625,D07,V07,2026-08-03,32,19.64,17.4,30.8,-0.7361670830298872,0.5754986550101536,-0.08033421400986679
T00094,1.0169094252851119,0.04893296642069604,1.2629069641109751,0.9321807764591588,0.3307261876518164,3.185082905279165,1.295298861140863,7.175994704568838,1.0259142264341596,6.1500804781346785,1,0,1,44,0.2272727272727273,0.0,0.2272727272727273,D07,V07,2026-08-04,44,25.77,28.5,48.6,-0.5825574855562057,-1.2623173504230571,-0.9224374179896314
T00095,1.0447879479400857,0.09427955850710427,1.4822334498991716,0.9570318698977583,0.5252015800014133,5.043040248442078,7.829550951533333,43.17605818043143,0.9218459741193211,42.25421220631211,5,3,8,42,1.1904761904761905,0.7142857142857142,1.9047619047619047,D07,V07,2026-07-31,42,19.42,18.1,32.4,0.43795799605910846,0.33130555362991265,0.38463177484451055
T00096,1.0057948292857546,0.029102327641886527,1.049459861071399,0.9566378625164279,0.09282199855497109,2.928727891764805,1.1325795623555426,4.917946726022965,1.01316336293808,3.904783363084885,0,0,0,16,0.0,0.0,0.0,D07,V07,2026-08-01,16,6.28,31.3,43.8,-1.0288418247527098,-1.3020025657910108,-1.1654221952718604
T00097,1.004987534016961,0.030939622415410734,1.049341221910204,0.9325079088136465,0.11683331309655753,6.782623759760618,12.40559024240414,53.00963025715233,0.9831581764904364,52.0264720806619,0,1,1,16,0.0,0.625,0.625,D07,V07,2026-08-04,16,9.24,22.0,33.5,-0.987493893752745,1.4473446844893427,0.22992539536829887
T00098,1.0127103427892237,0.030533920940343344,1.0766652218772557,0.9630815126457365,0.11358370923151917,5.922099918342183,10.648528551357566,53.351924051527895,0.7354590403278758,52.61646501120002,0,2,2,31,0.0,0.6451612903225806,0.6451612903225806,D07,V07,2026-08-06,31,9.44,27.6,39.9,-0.996624119799975,1.018819167574724,0.011097523887374505
T00099,1.0076250380373584,0.046272269019620636,1.129876099402054,0.9450375653909213,0.1848385340111327,2.725570181041415,1.168141041744169,4.971820592097024,0.9554056729996949,4.016414919097329,0,0,0,18,0.0,0.0,0.0,D07,V07,2026-07-31,18,10.56,33.7,47.6,-0.6424359188575901,-1.2933295627798398,-0.967882740818715
T00100,1.0144356965176695,0.04131087983129095,1.118700585500875,0.9202814786792137,0.1984191068216612,4.2263465413799315,7.124291468940181,48.65059609090108,0.4508880127038199,48.19970807819726,0,1,1,42,0.0,0.23809523809523808,0.23809523809523808,D07,V07,2026-08-05,42,12.41,28.4,45.7,-0.7540909351234513,0.15930152788784988,-0.2973947036178007
T00101,1.0082974892250343,0.03953760370536208,1.1010885522972256,0.9343703762427403,0.16671817605448525,4.386377746856946,7.273990068922955,38.78967130564527,1.0261578825892241,37.76351342305605,0,1,1,25,0.0,0.4,0.4,D07,V07,2026-08-04,25,14.96,27.1,44.1,-0.7939981399745001,0.19581115658552115,-0.29909349169448946
T00102,0.9976887491984876,0.0309857305487458,1.0580373339348663,0.9347266980246152,0.12331063591025115,3.301551005186181,1.288769694894328,6.167017107159667,1.595054857990784,4.571962249168884,0,0,0,20,0.0,0.0,0.0,D07,V07,2026-08-02,20,11.13,28.5,54.4,-0.9864562399461004,-1.2639097329529794,-1.12518298644954
T00103,1.0138287141489377,0.03719914792265944,1.1173746014654173,0.934293850991218,0.18308075047419936,4.5440086697518085,7.33922235571499,46.792783631666964,1.0546563421323556,45.73812728953461,0,1,1,36,0.0,0.2777777777777778,0.2777777777777778,D07,V07,2026-08-01,36,23.1,30.2,47.4,-0.8466245936840433,0.21172050089569694,-0.3174520463941732
T00104,1.0093591234192152,0.03711923088848958,1.1228570701563045,0.9725358605213485,0.150321209634956,6.246101217713312,12.263900992341398,51.983294431961504,1.2345444503945573,50.748749981566945,0,1,1,16,0.0,0.625,0.625,D07,V07,2026-08-05,16,11.59,22.0,34.0,-0.8484231096664508,1.4127884367299284,0.28218266353173876
T00105,1.020325352074397,0.055691315739920685,1.2065740756372978,0.9188628842215796,0.2877111914157182,5.8927602341933145,9.90209825726756,41.07574101583561,0.678675180038286,40.39706583579733,2,3,5,39,0.5128205128205128,0.7692307692307693,1.282051282051282,D07,V07,2026-08-04,39,16.29,17.2,35.0,-0.4304622609075532,0.8367740924099885,0.20315591575121764
T00106,1.0250274493538702,0.06350676661905759,1.2355974263488898,0.9264944684130608,0.309102957935829,4.190319786793029,7.865902934542509,50.01899039364949,0.10723805294763608,49.91175234070185,3,1,4,37,0.8108108108108109,0.2702702702702703,1.0810810810810811,D08,V08,2026-08-01,37,10.51,26.5,46.3,-0.25457718882175434,0.3401713506530097,0.04279708091562767
T00107,0.9945281448149799,0.02591595951270454,1.0478821498622828,0.9456706614884486,0.1022114883738342,4.15737992935431,4.483453747039861,27.547206754950675,0.9845811292118086,26.562625625738868,0,1,1,33,0.0,0.30303030303030304,0.30303030303030304,D08,V08,2026-08-04,33,18.92,25.3,46.0,-1.1005503668138117,-0.48476598302060064,-0.7926581749172061
T00108,1.001240347832276,0.04301128035496884,1.1488089484331152,0.934636292896868,0.2141726555362472,3.3713381556827167,1.29742236925736,6.149447129620679,1.3710579856446625,4.778389143976017,1,0,1,39,0.2564102564102564,0.0,0.2564102564102564,D08,V08,2026-08-03,39,21.96,21.9,36.9,-0.7158237803160189,-1.2617994531756633,-0.9888116167458412
T00109,0.9981045867437359,0.037764281663970896,1.0868606166385826,0.907511983391955,0.17934863324662753,2.7637064450167914,1.3872299872967788,5.565689534999235,0.37960505792204613,5.186084477077189,0,0,0,20,0.0,0.0,0.0,D08,V08,2026-08-01,20,5.66,29.3,48.0,-0.8339063781433348,-1.2398964908953296,-1.0369014345193321
T00110,1.0298553126311611,0.09768863571002326,1.4737482824417474,0.9431786681217933,0.5305696143199541,4.950029535615533,7.551713791126157,42.00757193649735,0.7161703707917552,41.29140156570559,2,2,4,31,0.6451612903225806,0.6451612903225806,1.2903225806451613,D08,V08,2026-08-05,31,9.94,20.5,36.4,0.514678558807713,0.26354452202341383,0.3891115404155634
T00111,1.0274407723336973,0.12509095023219768,1.7511827431767364,0.9298268656045597,0.8213558775721767,5.379967835471613,9.468980792119241,52.290291641948215,0.39,51.900291641948215,2,3,5,41,0.4878048780487805,0.7317073170731707,1.2195121951219512,D08,V08,2026-08-02,41,12.96,18.8,34.4,1.1313618621237513,0.7311421236617077,0.9312519928927295
T00112,1.016088355111629,0.05281178763918795,1.1477460520515852,0.9516333327495416,0.19611271930204355,5.387318573908213,7.236988219471676,31.94088289324514,0.7164495795239189,31.22443331372122,1,1,2,16,0.625,0.625,1.25,D08,V08,2026-08-02,16,8.37,29.0,39.8,-0.4952654329065552,0.1867868652110608,-0.1542392838477472
T00113,1.015308849919457,0.042676443200112504,1.1829057443431408,0.9198103065306455,0.2630954378124952,4.7553809934931985,8.117489567009791,43.38193863810145,0.8229823813423955,42.55895625675906,1,2,3,45,0.22222222222222224,0.4444444444444445,0.6666666666666666,D08,V08,2026-08-04,45,29.76,18.5,36.9,-0.7233592197973318,0.40153020462849737,-0.1609145075844172
T00114,1.02732308876251,0.05508474864970337,1.2003720256653767,0.9601020779063026,0.24026994775907407,5.066354514738181,9.2819970182699,50.244523084610925,0.6928924880528003,49.55163059655813,3,2,5,40,0.75,0.5,1.25,D08,V08,2026-08-03,40,14.46,20.3,40.3,-0.4441129252182382,0.685539104284677,0.12071308953321941
T00115,1.0132915814843957,0.06187235232425972,1.1742389024385114,0.9299994623654361,0.2442394400730753,2.9619384035589316,0.9847095931669625,4.550450527145636,1.142672306481609,3.407778220664027,1,0,1,11,0.9090909090909092,0.0,0.9090909090909092,D08,V08,2026-08-05,11,8.99,24.9,40.4,-0.2913593374788424,-1.3380662141566761,-0.8147127758177592
T00116,0.9997422955610119,0.041567857855981244,1.0935648128940507,0.8947524797395088,0.19881233315454194,2.951620993825745,1.5586882166228995,7.75881434241083,0.7587489703452651,7.000065372065564,0,1,1,20,0.0,0.5,0.5,D08,V08,2026-08-05,20,19.44,25.8,39.8,-0.7483076989293918,-1.1980799589399393,-0.9731938289346656
T00117,1.0204985375130593,0.10296098678812106,1.5644890539725742,0.9430577925026652,0.621431261469909,4.090166023614303,4.115562998103327,28.07796645058185,0.888481851249647,27.189484599332204,3,1,4,39,0.7692307692307693,0.2564102564102564,1.0256410256410255,D08,V08,2026-07-31,39,16.03,29.6,56.3,0.6333317067544735,-0.5744899660540204,0.029420870350226558
T00118,1.009430274269347,0.054941994998467324,1.0953597582529677,0.9034998616491317,0.19185989660383607,5.175785282588521,7.800238232843239,33.9751806470547,0.6738694235532579,33.30131122350144,0,1,1,16,0.0,0.625,0.625,D08,V08,2026-08-01,16,11.92,26.6,36.6,-0.44732556600204615,0.32415654571923225,-0.06158451014140695
T00119,1.0481012410773327,0.1520510359197755,1.7833984411790877,0.8910959544291512,0.8923024867499365,4.876679724760782,7.593698665135122,39.27217590101164,0.5207686626516614,38.75140723835998,4,2,6,35,1.1428571428571428,0.5714285714285714,1.7142857142857144,D08,V08,2026-08-06,35,12.23,27.6,47.3,1.7380928988777826,0.2737841111789718,1.0059385050283771
T00120,1.0146393896892052,0.05024702841676381,1.2034288512413187,0.91455672322716,0.28887212801415874,4.838298969283347,8.135288376374872,45.020547531099616,0.9526279441628824,44.06791958693673,1,2,3,43,0.23255813953488372,0.46511627906976744,0.6976744186046512,D08,V08,2026-08-03,43,13.03,24.4,45.2,-0.552984797751262,0.40587111310228746,-0.07355684232448725
T00121,1.0176065521836457,0.032819918225410145,1.0740633128451973,0.960577951027401,0.11348536181779634,3.0053928766072766,1.3693543960597239,5.340880077290633,0.9080748867797193,4.432805190510914,0,0,0,13,0.0,0.0,0.0,D09,V09,2026-08-04,13,12.7,23.5,29.4,-0.945178233505016,-1.244256125513765,-1.0947171795093904
T00122,1.0204179840149743,0.025724534761532126,1.0557182389255193,0.9650953320786501,0.09062290684686924,2.9219195319688627,1.043884511604971,4.546713098492141,0.9777525249264254,3.5689605735657155,0,0,0,11,0.0,0.0,0.0,D09,V09,2026-08-05,11,5.1,29.6,38.7,-1.104858340426549,-1.3236341867320023,-1.2142462635792757
T00123,1.0000781431078722,0.04238863003159682,1.1365606011119689,0.9241601592797647,0.2124004418322042,3.5328331283721903,3.5554390718884648,24.680719195355714,1.0630616162763098,23.617657579079403,0,2,2,43,0.0,0.46511627906976744,0.46511627906976744,D09,V09,2026-08-01,43,18.24,20.7,31.0,-0.7298363943934587,-0.7110972327428183,-0.7204668135681385
T00124,1.0123140565888546,0.11350743765058831,1.3764737556524644,0.9448841198792579,0.4315896357732065,3.212176179305433,1.8223774423889196,7.544063891564015,0.5989156868875618,6.945148204676453,1,0,1,13,0.7692307692307693,0.0,0.7692307692307693,D09,V09,2026-08-05,13,10.78,21.6,30.0,0.8706773569134622,-1.1337694328201116,-0.1315460379533247
T00125,1.0166023124160621,0.033319360812518836,1.0734961574220934,0.9436667844106837,0.12982937301140962,3.3878693865658738,1.2342071349025534,5.714840330227958,1.8382056468197459,3.876634683408212,0,0,0,14,0.0,0.0,0.0,D09,V09,2026-08-01,14,6.35,23.2,30.4,-0.9339383835213345,-1.2772168634560257,-1.10557762348868
T00126,1.0153011598287631,0.045841155711401904,1.2225256643522866,0.943748377482049,0.2787772868702376,3.0531734367504484,1.3198738639866991,6.727332309318456,1.0699999999999998,5.6573323093184555,1,0,1,39,0.2564102564102564,0.0,0.2564102564102564,D09,V09,2026-08-04,39,25.93,19.9,31.7,-0.6521380328451036,-1.2563238125459566,-0.9542309226955301
T00127,1.0055694930460615,0.050785376254296376,1.1713411117176755,0.9457087289435367,0.22563238277413877,3.2397027096945807,1.1939143214274186,5.854434216899187,1.5114893317519644,4.342944885147222,1,0,1,26,0.38461538461538464,0.0,0.38461538461538464,D09,V09,2026-08-05,26,17.56,24.1,34.7,-0.5408693933202248,-1.2870437800693473,-0.9139565866947861
T00128,0.9986484493216631,0.03218427843809544,1.0656293914865524,0.9535087833890152,0.11212060809753721,3.366624237607061,1.3955708370429911,6.619410849917084,0.7297259759663212,5.889684873950762,0,0,0,25,0.0,0.0,0.0,D09,V09,2026-08-06,25,16.75,31.0,38.4,-0.9594831727262315,-1.2378622612679828,-1.0986727169971071
T00129,1.0296183209756389,0.13513078353999672,1.7604158599603674,0.9238316946284101,0.8365841653319573,3.400498784193315,1.7030816332664376,6.863774471819423,0.6689544080129826,6.19482006380644,1,0,1,34,0.29411764705882354,0.0,0.29411764705882354,D09,V09,2026-08-02,34,26.33,27.7,38.7,1.3573061911688657,-1.1628641985477222,0.0972209963105718
T00130,0.9996380609265859,0.023368424325362933,1.0383823958446137,0.9563446031635249,0.0820377926810888,2.9344954521905326,1.404150169199081,5.303319715046416,0.6174949392505172,4.685824775795899,0,0,0,30,0.0,0.0,0.0,D09,V09,2026-08-04,30,21.87,27.8,39.4,-1.1578821083852169,-1.235769868743745,-1.196825988564481
T00131,1.0116326606885848,0.044142412147493496,1.1827269338270774,0.914059626063858,0.26866730776321934,4.614326337207261,8.580963326982626,52.66760294526418,1.3143059004660977,51.35329704479808,1,1,2,34,0.29411764705882354,0.29411764705882354,0.5882352941176471,D09,V09,2026-08-01,34,12.8,24.2,30.0,-0.6903678981227309,0.5145656965413746,-0.08790110079067814
T00132,0.9980431687167156,0.03164057793237681,1.0938272258451058,0.9520194325747767,0.1418077932703291,3.9906929882100344,5.294027333285784,34.49132934521371,0.260768096208106,34.2305612490056,0,1,1,38,0.0,0.2631578947368421,0.2631578947368421,D09,V09,2026-08-03,38,17.92,31.0,40.7,-0.9717190378247742,-0.28707715580789495,-0.6293980968163346
T00133,1.0048810508404284,0.03632372686902881,1.0816644581384747,0.9506560892352186,0.13100836890325607,3.377356382251502,1.384937732488528,5.7788666708966385,1.0322790320451152,4.746587638851524,0,0,0,13,0.0,0.0,0.0,D09,V09,2026-08-01,13,8.4,23.4,32.5,-0.8663257596825753,-1.2404555433643527,-1.053390651523464
T00134,1.0188851986527563,0.0577546601192628,1.254005582124737,0.9200923866656,0.3339131954591369,2.946829259181044,1.2764774773435534,5.9020335478545025,1.0032945728947207,4.898738974959782,2,0,2,41,0.4878048780487805,0.0,0.4878048780487805,D09,V09,2026-08-02,41,26.77,28.6,39.5,-0.3840271312508374,-1.2669076520965212,-0.8254673916736793
T00135,1.0178070930461154,0.10747134049648785,1.470599877600974,0.9370490915635104,0.5335507860374638,4.959813023935224,5.746912234646225,30.251386745073358,1.168289347721702,29.083097397351654,1,1,2,22,0.4545454545454546,0.4545454545454546,0.9090909090909092,D09,V09,2026-08-06,22,12.36,29.3,38.0,0.7348362647635632,-0.17662415495582345,0.27910605490386986
T00136,1.0410778762570976,0.10858018747251988,1.4970437535356138,0.9548827153111528,0.542161038224461,3.4021798712711115,1.9736392539485297,13.100877833183548,0.8382720322186588,12.262605800964888,4,1,5,37,1.0810810810810811,0.2702702702702703,1.3513513513513513,D10,V10,2026-08-02,37,18.61,21.5,38.9,0.7597906318663159,-1.09687855624001,-0.16854396218684708
T00137,1.050914578982218,0.1494842354581124,1.660102406479793,0.8956171056874696,0.7644853007923234,4.7245842606603174,8.092288635371503,55.000745449493685,1.235677951571525,53.76506749792216,4,2,6,42,0.9523809523809523,0.47619047619047616,1.4285714285714284,D10,V10,2026-08-03,42,21.89,17.8,39.7,1.6803275963749367,0.39538401049538474,1.0378558034351606
T00138,1.0076694712601584,0.044429788170312026,1.10974771907853,0.9250562145080699,0.18469150457046024,3.0950756144914076,1.4138931944573314,6.272296230249333,0.7215261603018979,5.550770069947435,0,0,0,39,0.0,0.0,0.0,D10,V10,2026-08-01,39,25.16,16.9,34.8,-0.683900561398231,-1.233393665929479,-0.958647113663855
T00139,1.0237484819034897,0.0796490906613448,1.2629948535128717,0.9266930451881034,0.3363018083247683,3.149178077653967,1.4419000740182824,6.398601409683213,0.7497332859090625,5.64886812377415,1,0,1,15,0.6666666666666666,0.0,0.6666666666666666,D10,V10,2026-08-05,15,7.31,21.2,31.6,0.10870240588328664,-1.226563135958802,-0.5589303650377577
T00140,1.0126904410946982,0.0411125656992813,1.0849428556380285,0.9613038021354123,0.12363905350261617,6.752270579899447,12.704120218147462,48.8727296147862,0.7996249120681521,48.07310470271805,0,1,1,13,0.0,0.7692307692307693,0.7692307692307693,D10,V10,2026-08-01,13,5.75,20.5,36.6,-0.7585539527974874,1.5201524366711785,0.38079924193684556
T00141,1.0041790496136704,0.04276463222880402,1.0878837254045122,0.9221979180197709,0.16568580738474126,3.404122210871658,1.3684553527200902,6.867466781863601,1.4533409785731632,5.414125803290437,0,0,0,26,0.0,0.0,0.0,D10,V10,2026-08-03,26,16.08,19.8,38.4,-0.7213745443245462,-1.244475391014691,-0.9829249676696186
T00142,1.0828785024482055,0.19743287537321685,1.78816833659474,0.9425359409592824,0.8456323956354577,4.451644089277311,3.3401638772106907,17.967250763541983,1.392300254973761,16.57495050856822,4,2,6,30,1.3333333333333333,0.6666666666666666,2.0,D10,V10,2026-08-01,30,11.83,19.1,33.8,2.759401615046973,-0.7636001781705569,0.997900718438208
T00143,1.0263993285056086,0.11345096509171546,1.6612408013289344,0.9203200530250333,0.7409207483039011,4.791673114457237,7.480833887714464,49.87599623065188,1.0192644406629714,48.856731789988906,2,2,4,40,0.5,0.5,1.0,D10,V10,2026-08-06,40,18.61,23.2,38.2,0.8694064538981625,0.24625779418504062,0.5578321240416015
T00144,1.0423296563580382,0.10462380704970253,1.613270591066483,0.9490716516680918,0.6641989393983913,7.129098904547412,12.356735267494999,51.29644627067259,0.9322553298319081,50.36419094084068,3,4,7,40,0.75,1.0,1.75,D10,V10,2026-08-01,40,5.92,16.9,34.2,0.6707531256971363,1.4354295630775726,1.0530913443873544
T00145,1.010941245749778,0.04542520228995837,1.1086054302591162,0.9221339382107135,0.18647149204840263,4.1906855260029126,4.802100949725439,31.294144819758216,1.2504799078753726,30.043664911882843,0,1,1,36,0.0,0.2777777777777778,0.2777777777777778,D10,V10,2026-08-04,36,8.56,21.1,41.0,-0.661498976781202,-0.4070518891216544,-0.5342754329514282
T00146,1.0054940722572177,0.07438400582025956,1.242627458251265,0.925126477839652,0.3175009804116131,5.835055176849617,9.862609589125872,42.42748873077453,1.8186808406094785,40.608807890165046,2,2,4,29,0.6896551724137931,0.6896551724137931,1.3793103448275863,D10,V10,2026-07-31,29,15.6,26.6,46.6,-0.009787216933508959,0.8271432968528857,0.4086780399596884
T00147,1.0203103823849413,0.06986473395601268,1.2189876947697216,0.8708880525073243,0.3480996422623973,4.310952115456676,8.009315716933267,46.97041302777739,0.8651589449343976,46.10525408284299,1,1,2,31,0.3225806451612903,0.3225806451612903,0.6451612903225806,D10,V10,2026-08-05,31,8.73,28.2,48.4,-0.11149247615793459,0.37514794653426065,0.13182773518816304
T00148,1.0251643139681585,0.08542378755384622,1.2253477057553908,0.9229566620378229,0.30239104371756786,3.304476925623398,1.322570704609427,5.457554397346855,1.6752611736681537,3.7822932236787015,1,0,1,13,0.7692307692307693,0.0,0.7692307692307693,D10,V10,2026-08-05,13,3.01,18.1,25.2,0.2386607403310897,-1.25566608662331,-0.5085026731461102
T00149,1.0127681180686812,0.04585860905186127,1.0912671533588831,0.8911644068296265,0.20010274652925664,5.378345425092852,9.349101587839364,48.89029146977956,0.582494635168428,48.30779683461113,0,3,3,44,0.0,0.6818181818181818,0.6818181818181818,D10,V10,2026-08-01,44,16.59,18.3,35.3,-0.6517452491027059,0.7019050751032425,0.025079913000268295
T00150,1.010891288248644,0.045245772309778894,1.1019283098278219,0.9108446629365515,0.19108364689127033,4.7795956624787115,6.555438213046778,41.55987487950367,1.3599264686004167,40.199948410903254,0,1,1,35,0.0,0.2857142857142857,0.2857142857142857,D10,V10,2026-08-02,35,19.61,32.8,56.7,-0.6655370106050043,0.020565286142640044,-0.3224858622311821
T00151,1.0084169428268956,0.0352853323820879,1.1123156026955658,0.9525975015713615,0.15971810112420437,3.0909494104702175,1.1266392310615563,5.8750829781374145,0.6275348595894893,5.247548118547925,0,0,0,37,0.0,0.0,0.0,D11,V11,2026-08-02,37,15.79,23.3,33.3,-0.8896946083918218,-1.3034513387916236,-1.0965729735917227
T00152,1.0044826755607021,0.03920471844376346,1.0733172876647428,0.9184846215370184,0.1548326661277244,3.3779269119293436,1.4854732429195214,6.591919295622483,1.047091209016674,5.544828086605809,0,0,0,11,0.0,0.0,0.0,D11,V11,2026-08-05,11,5.72,18.4,23.1,-0.8014896525101195,-1.2159361814118108,-1.0087129169609652
T00153,1.0022364809906177,0.03268596823059792,1.0653173236177096,0.9560669432628659,0.10925038035484369,2.8560610334943743,1.7280311496135226,6.379247604537701,0.8702873088813832,5.508960295656318,0,0,0,13,0.0,0.0,0.0,D11,V11,2026-08-03,13,6.87,31.3,37.7,-0.9481927498595788,-1.1567793214805795,-1.0524860356700791
T00154,1.009254977924442,0.03958292507754266,1.1341344717448634,0.9446300863300936,0.18950438541476977,4.73705148427394,8.68022253956904,52.30825747432235,0.7738216848861241,51.53443578943623,0,1,1,33,0.0,0.30303030303030304,0.30303030303030304,D11,V11,2026-07-31,33,11.89,29.4,36.6,-0.7929781920615412,0.5387737853062009,-0.12710220337767014
T00155,1.0052403820662539,0.04092391976607208,1.1141027780236437,0.9190331876488466,0.1950695903747971,4.687916439221395,8.830195535319007,53.482829020163095,0.7195832127002407,52.76324580746285,0,1,1,33,0.0,0.30303030303030304,0.30303030303030304,D11,V11,2026-08-04,33,13.31,29.9,38.0,-0.7627993896986098,0.575350335722429,-0.09372452698809042
T00156,1.0039262068894186,0.03126498394833678,1.0568585525035978,0.9372838417469919,0.11957471075660597,3.043233947901297,1.500483453563086,6.066539375953972,0.661362230551458,5.405177145402513,0,0,0,32,0.0,0.0,0.0,D11,V11,2026-08-04,32,14.27,22.6,31.9,-0.980171701142539,-1.21227537752097,-1.0962235393317545
T00157,1.0197408913697712,0.06214774290300256,1.2829945440258115,0.9553946828405525,0.32759986118525897,2.8682104751467423,1.3520419613563919,5.925681395417746,0.5126402247190518,5.413041170698694,1,0,1,27,0.37037037037037035,0.0,0.37037037037037035,D11,V11,2026-08-04,27,16.74,27.2,39.1,-0.2851617306429738,-1.2484784132502174,-0.7668200719465956
T00158,1.005923062309036,0.024990181654233688,1.0660642569751602,0.9547989317128501,0.11126532526231003,4.1898056101537655,4.916015694525589,31.895988776020097,0.47465777145223276,31.421331004567865,0,1,1,37,0.0,0.2702702702702703,0.2702702702702703,D11,V11,2026-07-31,37,21.35,28.1,39.9,-1.121384802074259,-0.3792694981285386,-0.7503271501013988
T00159,1.0077982202742388,0.031924579508753666,1.0528029255278502,0.948351727999691,0.10445119752815912,2.8780337280100134,1.3787762138031017,5.793694848712693,0.8532877591996735,4.94040708951302,0,0,0,12,0.0,0.0,0.0,D11,V11,2026-07-31,12,18.95,24.1,38.9,-0.9653276423050521,-1.2419582612217313,-1.1036429517633917
T00160,0.9999991142950965,0.023423888470214267,1.057025070658213,0.9402765550623922,0.11674851559582078,3.2600581974493177,1.4093203700585557,5.367634488301154,0.9396807968666807,4.427953691434473,0,0,0,25,0.0,0.0,0.0,D11,V11,2026-07-31,25,13.77,30.8,39.3,-1.1566338995145815,-1.234508920988098,-1.1955714102513397
T00161,1.0025409832143075,0.035924233278807755,1.0551777101512332,0.9432756755053106,0.11190203464592263,3.147885187925494,1.184488822812074,5.916062879990374,1.7794662120984486,4.136596667891926,0,0,0,17,0.0,0.0,0.0,D11,V11,2026-08-04,17,10.55,16.0,26.6,-0.8753162785919084,-1.289342542080323,-1.0823294103361158
T00162,1.0486181615718606,0.20796477188172158,1.6633574480549873,0.93209066082651,0.7312667872284773,5.253689635056109,3.706530687901345,15.295241089959974,1.2537144810522052,14.04152660890777,1,1,2,11,0.9090909090909092,0.9090909090909092,1.8181818181818183,D11,V11,2026-08-01,11,6.22,28.3,37.0,2.9964197225426594,-0.6742478647420744,1.1610859289002926
T00163,1.0250743228290502,0.08962026793104144,1.38368710335827,0.9305852996904691,0.45310180366780095,3.4776115983419618,1.3026356191533497,5.786968118108134,0.9656086163658648,4.821359501742269,2,0,2,30,0.6666666666666666,0.0,0.6666666666666666,D11,V11,2026-08-05,30,19.31,18.0,27.4,0.3331016452851406,-1.2605280062948465,-0.463713180504853
T00164,0.9847210865374663,0.03623423659081603,1.049788550137598,0.9407640511839299,0.10902449895366817,3.9366282266652943,1.5819462776985402,6.366835948883873,1.0320368210485515,5.334799127835321,0,0,0,11,0.0,0.0,0.0,D11,V11,2026-08-01,11,4.73,24.3,32.2,-0.8683397195011252,-1.1924076067990568,-1.030373663150091
T00165,1.0078658338057622,0.02809963049475736,1.0684764854689128,0.9520730014027285,0.11640348406618428,4.753418612709631,9.454083816366182,52.58294590454209,1.0730796801729123,51.50986622436918,0,1,1,28,0.0,0.3571428571428571,0.3571428571428571,D11,V11,2026-08-04,28,17.96,27.4,41.6,-1.0514073123656924,0.727508936353844,-0.16194918800592423
T00166,1.0131975454252524,0.07154347768869945,1.243490651352072,0.8583571517730832,0.3851334995789888,3.039114602557918,1.1218564661271098,5.452797447182501,1.1342839150759392,4.318513532106562,2,0,2,36,0.5555555555555556,0.0,0.5555555555555556,D12,V12,2026-07-31,36,12.8,24.1,47.7,-0.07371270285971088,-1.3046177957386158,-0.6891652492991633
T00167,1.0844679420322476,0.12093547699649625,1.3523169007300027,0.9511708574173201,0.40114604331268255,6.422469771501557,11.155495904276412,43.22590195704423,0.2603843313258307,42.9655176257184,4,1,5,13,3.076923076923077,0.7692307692307693,3.8461538461538463,D12,V12,2026-08-06,13,7.07,25.2,64.5,1.0378438142318465,1.1424622064477545,1.0901530103398005
T00168,1.0227315282519776,0.07274226738713008,1.2761669169822574,0.9161402731023236,0.36002664387993377,4.037837759098354,4.648136816925976,30.97188079532788,0.5974110812497538,30.374469714078128,2,1,3,39,0.5128205128205128,0.2564102564102564,0.7692307692307693,D12,V12,2026-08-03,39,19.61,14.3,46.5,-0.04673419377752361,-0.4446018282788289,-0.24566801102817626
T00169,1.0370223936828096,0.0665807179324537,1.234552550521848,0.9529144767501436,0.28163807377170436,7.994931562888787,12.14513512721752,39.09962915425158,1.7711578134090706,37.32847134084251,1,2,3,16,0.625,1.25,1.875,D12,V12,2026-08-01,16,5.81,25.6,54.6,-0.18539856346717748,1.3838229177596142,0.5992121771462183
T00170,1.008662883369064,0.06591983492984484,1.2939095795301925,0.8876018251445859,0.4063077543856066,7.855694732577246,13.088913337929432,56.53298948401721,0.5773214009544424,55.95566808306277,1,6,7,44,0.2272727272727273,1.3636363636363635,1.5909090909090908,D12,V12,2026-08-04,44,13.13,27.7,51.0,-0.20027159591939797,1.6139986979606955,0.7068635510206488
T00171,1.03432189398836,0.045909300524415046,1.1177267107839912,0.9503504616719034,0.16737624911208782,3.160463597952043,1.5434295691807445,7.578482697743659,1.1170049238924598,6.461477773851199,0,1,1,15,0.0,0.6666666666666666,0.6666666666666666,D12,V12,2026-08-01,15,6.54,30.3,48.9,-0.6506044482145502,-1.2018013534794065,-0.9262029008469783
T00172,1.006507992996049,0.052738582953785154,1.1431701535642014,0.9450132274206536,0.19815692614354774,8.55413044273253,15.241759603629953,49.30036511020988,0.7925906888173744,48.507774421392504,1,3,4,22,0.4545454545454546,1.3636363636363635,1.8181818181818183,D12,V12,2026-08-02,22,10.84,21.0,48.7,-0.49691288889702917,2.139051155451541,0.8210691332772558
T00173,1.0213099403317234,0.06939024565773526,1.1700474349358663,0.9222580983650944,0.24778933657077185,5.6077653538881025,9.424585690158573,39.34317857011556,0.735798885565886,38.60737968454968,1,1,2,15,0.6666666666666666,0.6666666666666666,1.3333333333333333,D12,V12,2026-07-31,15,7.81,29.8,45.4,-0.12217073513966199,0.7203147098531231,0.2990719873567305
T00174,1.0490200732680275,0.09898230587410714,1.3441257381658904,0.919701038381495,0.42442469978439545,3.0223294640184406,1.2056735190022052,6.761856254017827,1.3552121605121465,5.4066440935056805,4,0,4,27,1.4814814814814814,0.0,1.4814814814814814,D12,V12,2026-08-03,27,12.44,24.7,53.1,0.5437923327388554,-1.2841758578757703,-0.3701917625684574
T00175,1.0250956523889856,0.06640014112158675,1.193693846846837,0.9256289753459537,0.2680648715008833,7.127575120304621,14.16270586127933,54.18756499419401,1.703907274472411,52.4836577197216,1,1,2,13,0.7692307692307693,0.7692307692307693,1.5384615384615385,D12,V12,2026-08-03,13,16.02,24.1,34.8,-0.18946240647348958,1.8758833537313682,0.8432104736289393
T00176,1.0244547395667853,0.10111592126064442,1.2841362856021163,0.9123825951869096,0.3717536904152068,8.843413291361566,15.696655742835073,53.11912932268374,1.2351518125315608,51.88397751015218,1,1,2,10,1.0,1.0,2.0,D12,V12,2026-08-02,10,9.34,25.6,40.7,0.5918088965773223,2.249994672226542,1.420901784401932
T00177,0.9989333492888599,0.05461794267108329,1.147836225251669,0.9364774423337704,0.21135878291789856,3.3111117916938015,1.5634438043546743,6.522767817422294,1.1305750749065715,5.392192742515723,1,0,1,20,0.5,0.0,0.5,D12,V12,2026-08-02,20,13.08,25.3,46.2,-0.4546182952179204,-1.1969201301750325,-0.8257692126964764
T00178,1.0450963680328957,0.13975405562115745,1.8057067868289136,0.9266358508065614,0.8790709360223522,5.0216356458711715,8.654999556679304,48.67810698866586,0.5772347875864725,48.10087220107939,3,3,6,41,0.7317073170731707,0.7317073170731707,1.4634146341463414,D12,V12,2026-08-03,41,10.35,17.6,52.4,1.4613519533190613,0.532622213146822,0.9969870832329417
T00179,1.0467651200268844,0.1474444731750134,1.598866473474255,0.8858989784394156,0.7129674950348395,5.440631630264318,9.178924982641258,44.272169587676636,0.889719056781409,43.38245053089523,2,3,5,21,0.9523809523809523,1.4285714285714284,2.380952380952381,D12,V12,2026-08-02,21,9.38,34.7,63.7,1.6344231768156674,0.6604011153499246,1.147412146082796
T00180,1.0310209985104395,0.08565296424245428,1.1797686213830236,0.904071899795586,0.27569672158743763,4.439221250516291,6.200465966035398,35.220320838970224,1.28191263352851,33.93840820544171,4,1,5,28,1.4285714285714284,0.3571428571428571,1.7857142857142858,D12,V12,2026-08-05,28,14.63,22.3,48.8,0.24381831332586287,-0.0660080347692115,0.08890513927832569
T00181,1.0365416741310944,0.1174661301577848,1.6066013817994806,0.8800823825074559,0.7265189992920248,6.4770694311154084,10.583406510860437,50.99825193082602,0.4739198244429115,50.52433210638311,4,5,9,41,0.975609756097561,1.2195121951219512,2.1951219512195124,D13,V13,2026-08-06,41,13.59,23.1,40.7,0.9597668960534816,1.0029367109661884,0.981351803509835
T00182,1.0272587241320552,0.12211590195027199,1.6408260114954296,0.8950089385028509,0.7458170729925787,3.6119117039302515,1.8235605484020765,8.28977080503436,0.7764663547121665,7.5133044503221935,2,2,4,35,0.5714285714285714,0.5714285714285714,1.1428571428571428,D13,V13,2026-07-31,35,17.59,16.9,32.2,1.0644090286126255,-1.133480887962275,-0.03453592967482477
T00183,1.0264935943074607,0.13918161413894983,1.5930109855239545,0.8811418727991537,0.7118691127248008,3.2468895873943087,1.637769064176433,8.226961772124628,0.4558508528016592,7.771110919322969,3,1,4,25,1.2,0.4,1.6,D13,V13,2026-07-31,25,13.92,17.5,31.7,1.4484692786122495,-1.1787931227129547,0.13483807794964742
T00184,1.002883175822549,0.04301344271365986,1.066176814604407,0.912897036910516,0.153279777693891,5.388934821041499,10.74871012002638,50.33770952278223,0.6239390995922599,49.71377042318996,0,2,2,27,0.0,0.7407407407407407,0.7407407407407407,D13,V13,2026-08-03,27,13.15,26.8,43.8,-0.7157751168901811,1.0432522075288022,0.16373854531931054
T00185,1.012449750717416,0.08014283070420185,1.2740239401204358,0.8762750709680152,0.3977488691524207,3.023598136314954,1.4303128230173927,6.986308037869501,0.2701851217221259,6.716122916147374,2,0,2,32,0.625,0.0,0.625,D13,V13,2026-08-02,32,14.95,26.5,40.9,0.11981392131247029,-1.22938912251925,-0.5547876006033898
T00186,1.0194735529907848,0.05578392151724084,1.1600879277020342,0.9026012408588856,0.25748668684314857,4.115635456301475,7.005450609847262,46.568896272082725,0.591100668245266,45.97779560383746,1,1,2,40,0.25,0.25,0.5,D13,V13,2026-08-04,40,15.28,32.9,61.8,-0.42837818743931644,0.13031771882020304,-0.1490302343095567
T00187,1.004325487947976,0.038405457823214924,1.07731935840771,0.936597031812508,0.14072232659520212,11.245898380096301,18.710065437654794,54.11048881686433,1.0948515881159417,53.01563722874839,0,2,2,12,0.0,1.6666666666666665,1.6666666666666665,D13,V13,2026-08-03,12,5.61,19.0,34.1,-0.8194768440406541,2.984927858538847,1.0827255072490964
T00188,1.0159082729757458,0.05044402783689587,1.122102490862577,0.9259665220730176,0.1961359687895594,7.86884516969363,12.823613550016189,50.110743359084196,0.4050925820105819,49.705650777073615,0,3,3,21,0.0,1.4285714285714284,1.4285714285714284,D13,V13,2026-08-06,21,7.91,27.2,47.2,-0.5485513673904773,1.5492953757425982,0.5003720041760604
T00189,1.0145671546572403,0.08339777118328623,1.298111705516902,0.8933045393369498,0.40480716617995227,5.379145406514785,10.336110026668337,55.290981181382556,0.6587108622149782,54.632270319167574,2,1,3,26,0.7692307692307693,0.38461538461538464,1.153846153846154,D13,V13,2026-08-06,26,10.33,20.9,40.2,0.1930656696315595,0.9426241708547106,0.567844920243135
T00190,1.0478333527550043,0.20330702586499136,1.7158336166423596,0.8817153735758495,0.8341182430665101,3.972952445701402,2.8418789031031175,12.627988755142285,0.849764673306675,11.77822408183561,1,1,2,14,0.7142857142857142,0.7142857142857142,1.4285714285714284,D13,V13,2026-07-31,14,11.21,34.6,40.9,2.8915981317503943,-0.8851256927203904,1.003236219515002
T00191,1.0138359922180238,0.046974045230922364,1.110697528582827,0.9322842914047196,0.17841323717810753,5.081737723351224,9.078928292227323,45.26247894227624,0.5678908345800273,44.69458810769621,0,1,1,22,0.0,0.4545454545454546,0.4545454545454546,D13,V13,2026-08-03,22,9.64,21.6,43.0,-0.6266425933768555,0.6360131649053055,0.004685285764225
T00192,1.0130704350493298,0.058500429933009544,1.2221129244059241,0.9018835845052288,0.32022933990069535,3.503087957369794,3.6116178203500517,25.800887581631763,1.0898623766329398,24.711025204998823,1,1,2,45,0.22222222222222224,0.22222222222222224,0.4444444444444445,D13,V13,2026-08-02,45,27.12,28.7,48.6,-0.3672437390347322,-0.6973959339513237,-0.5323198364930279
T00193,1.0160720489157717,0.07500976715141466,1.2536749977565955,0.9287992248058781,0.32487577295071746,3.3556434902955923,1.310900022306287,5.312494705879716,0.79887420787005,4.513620498009666,2,0,2,28,0.7142857142857142,0.0,0.7142857142857142,D13,V13,2026-08-02,28,13.45,23.2,37.3,0.004295409717312739,-1.258512421041836,-0.6271085056622616
T00194,1.0374183636469843,0.17636401083762498,1.7701742852047082,0.9201978048224198,0.8499764803822885,5.074806288006273,6.141451846654866,30.47439252881015,1.3386933928274989,29.13569913598265,2,3,5,26,0.7692307692307693,1.153846153846154,1.9230769230769231,D13,V13,2026-08-04,26,17.99,17.7,34.6,2.28525126660057,-0.08040084530151567,1.1024252106495274
T00195,1.065607259113412,0.1755344430444777,1.7793296490532606,0.9310488708977633,0.8482807781554973,4.559505124833738,6.764440688085895,41.95884054642121,0.20223748416156687,41.75660306225964,5,3,8,37,1.3513513513513513,0.8108108108108109,2.1621621621621623,D13,V13,2026-07-31,37,9.88,27.8,47.6,2.2665820185489625,0.07153839318205502,1.1690602058655086
T00196,1.0580995703775968,0.12915154283130104,1.5988721024522257,0.9434495217021417,0.655422580750084,5.9864859021029275,9.41474368336284,38.51694821763531,1.101135777277262,37.415812440358046,5,4,9,33,1.5151515151515151,1.2121212121212122,2.727272727272727,D14,V14,2026-07-31,33,5.98,22.6,63.1,1.2227446413196237,0.7179143666716002,0.9703295039956119
T00197,1.088432374546488,0.2228052613559251,1.7015084484068834,0.9442166065050963,0.7572918419017871,3.814991969248814,1.7417699409786371,7.005405056097755,1.356244815658294,5.649160240439461,2,0,2,10,2.0,0.0,2.0,D14,V14,2026-08-05,10,4.83,26.7,58.6,3.33040180512816,-1.1534286009557861,1.0884866020861867
T00198,1.0585741159081743,0.17573573465909917,1.9676384322329141,0.9331907629204225,1.0344476693124918,5.4741043921135555,9.933429261603504,50.0227798108022,1.0651291001564083,48.957650710645794,6,3,9,34,1.7647058823529413,0.8823529411764707,2.6470588235294117,D14,V14,2026-08-02,34,8.37,19.5,51.1,2.27111204384059,0.8444153351147434,1.5577636894776665
T00199,1.043162294339479,0.09486614938014534,1.2814722002447028,0.921248066483724,0.3602241337609787,6.603185030318443,13.535213229670328,44.98827625059666,0.5159457335805773,44.47233051701608,1,1,2,10,1.0,1.0,2.0,D14,V14,2026-08-01,10,2.67,25.3,43.6,0.4511590998194962,1.7228456967779593,1.0870023982987278
T00200,1.0253160809781035,0.061407351753257365,1.2059830015385788,0.9425078249012047,0.2634751766373742,5.656512696147109,9.342649745138571,47.957786646174576,0.9567131231461184,47.00107352302846,2,2,4,30,0.6666666666666666,0.6666666666666666,1.3333333333333333,D14,V14,2026-08-01,30,16.72,23.4,57.9,-0.3018240771612341,0.7003315508254682,0.19925373683211703
T00201,1.0733920169157456,0.10849416465496212,1.3234881941294376,0.9540073374979879,0.3694808566314497,6.726676007052224,12.179375158341934,49.584669001617826,0.30199337741083004,49.282675624206995,10,3,13,32,3.125,0.9375,4.0625,D14,V14,2026-08-05,32,9.17,29.4,60.5,0.7578547065177784,1.3921736359566643,1.0750141712372214
T00202,1.034625297951148,0.08664952627701934,1.329695077827996,0.916347641454923,0.4133474363730729,3.283700075848648,1.6830371730231495,8.595842018092236,0.5576737397439475,8.038168278348289,6,2,8,45,1.3333333333333333,0.4444444444444445,1.777777777777778,D14,V14,2026-08-03,45,23.69,28.3,52.0,0.2662457315257971,-1.1677527933709997,-0.4507535309226013
T00203,1.0344136960679733,0.054635208296017396,1.145128813714859,0.9494319354224398,0.19569687829241922,5.912916062135183,11.065635676982831,37.28128082563688,1.214084016862095,36.06719680877478,1,1,2,10,1.0,1.0,2.0,D14,V14,2026-08-06,10,4.03,23.7,47.8,-0.45422973597378924,1.120546413423942,0.3331583387250764
T00204,1.044217722133096,0.07562666389774787,1.241523257937603,0.9345747696145023,0.30694848832310073,5.759290414058026,9.909737416607218,47.49088965264812,1.7230786401090348,45.767811012539084,4,2,6,32,1.25,0.625,1.875,D14,V14,2026-08-05,32,15.46,31.6,65.5,0.018178540758153436,0.838637188464897,0.4284078646115252
T00205,1.03354601583403,0.07323561941542725,1.2162734067634628,0.9365660681446878,0.27970733861877506,6.576130205387486,11.736863273320576,50.0626347688573,1.1140017953306898,48.948632973526614,2,2,4,20,1.0,1.0,2.0,D14,V14,2026-08-05,20,13.49,21.0,44.1,-0.03563141053409466,1.2842504849165377,0.6243095371912215
T00206,1.027490374901256,0.06256325710580955,1.199477386197839,0.940916043013403,0.2585613431844359,5.132396519746116,7.774744914597048,33.39303669928807,0.9944847912361455,32.39855190805192,4,3,7,43,0.9302325581395349,0.6976744186046512,1.6279069767441863,D14,V14,2026-07-31,43,18.53,22.0,60.3,-0.27581067122956576,0.31793904212502955,0.021064185447731892
T00207,1.0099554602125538,0.042888220836842704,1.1493132732201432,0.9359759612297744,0.21333731199036876,4.840613814452241,8.907618043855948,48.70600476327328,0.8047981113297918,47.90120665194348,1,2,3,45,0.22222222222222224,0.4444444444444445,0.6666666666666666,D14,V14,2026-07-31,45,13.04,30.9,61.2,-0.7185932087918906,0.5942327236662793,-0.06218024256280563
T00208,1.0155516383780074,0.0516453178185219,1.249457882443422,0.9445618031658912,0.3048960792775307,3.431993829261272,1.2706032961875273,6.446161648609194,0.8537564055396598,5.592405243069534,1,0,1,44,0.2272727272727273,0.0,0.2272727272727273,D14,V14,2026-07-31,44,14.23,19.0,44.8,-0.5215165899628216,-1.2683402919003273,-0.8949284409315744
T00209,1.0343148224312892,0.06201741187888024,1.1843656529974178,0.9562180713623853,0.22814758163503246,5.995166950488779,11.475612648376327,47.70693555448726,0.591100668245266,47.11583488624199,2,2,4,23,0.8695652173913043,0.8695652173913043,1.7391304347826086,D14,V14,2026-08-05,23,6.0,33.0,62.6,-0.2880948028261748,1.2205347032402447,0.466219950207035
T00210,1.0151052657086137,0.047964639475100455,1.1089247043870922,0.9394312108930594,0.16949349349403287,3.092824562034053,1.1215596101342549,5.455813413231797,1.3116020738013492,4.1442113394304485,0,0,0,15,0.0,0.0,0.0,D14,V14,2026-07-31,15,8.02,25.0,55.3,-0.6043494790396974,-1.3046901952271683,-0.9545198371334329
T00211,1.0015621266265347,0.049855217243819104,1.1062391242403244,0.9062301032298585,0.20000902101046591,5.937374330578957,10.497255732805094,43.66820124529977,1.4819581640518737,42.186243081247895,0,1,1,15,0.0,0.6666666666666666,0.6666666666666666,D15,V15,2026-08-04,15,5.9,24.7,48.7,-0.5618024254816549,0.981925606525813,0.210061590522079
T00212,1.0138931748962807,0.04907636373911695,1.1377301964877262,0.9090935045417495,0.2286366919459767,5.616803580984042,8.590240921912786,38.58979139617109,1.2363251999372982,37.35346619623379,0,2,2,25,0.0,0.8,0.8,D15,V15,2026-08-03,25,13.7,17.4,30.9,-0.5793303591782893,0.5168283866810719,-0.031250986248608725
T00213,1.0338115471909874,0.10405750839063013,1.4552020478270362,0.9076006831200603,0.547601364706976,5.318775467602673,8.93611787112765,47.26361285386464,0.7303423854604086,46.53327046840423,3,2,5,32,0.9375,0.625,1.5625,D15,V15,2026-08-03,32,27.34,29.7,52.5,0.658008693928148,0.601183477459283,0.6295960856937155
T00214,1.0083358718369373,0.04844366147151017,1.1808683245815343,0.9231170023350237,0.25775132224651065,5.3654653962152805,8.300105649407955,47.0004265938087,0.6473020933072903,46.35312450050141,1,4,5,42,0.23809523809523808,0.9523809523809523,1.1904761904761905,D15,V15,2026-08-05,42,29.08,21.1,42.9,-0.5935691901386289,0.4460679983242804,-0.07375059590717423
T00215,1.0294746289015249,0.14991565022935316,1.6708689356140414,0.9096708195825565,0.7611981160314849,4.097826296022339,4.3711812299576325,22.738656512643836,1.087841900277793,21.65081461236604,1,1,2,22,0.4545454545454546,0.4545454545454546,0.9090909090909092,D15,V15,2026-08-05,22,15.83,24.8,42.4,1.6900364947241178,-0.512147855076163,0.5889443198239774
T00216,1.0312756086676844,0.1506685746868516,1.6830561487959932,0.8814771693016218,0.8015789794943714,5.430148161521714,6.765656577149079,35.51149391394285,0.5831809324729333,34.928312981469915,4,4,8,45,0.888888888888889,0.888888888888889,1.777777777777778,D15,V15,2026-08-05,45,15.39,26.1,46.9,1.7069809006874113,0.07183493341850004,0.8894079170529556
T00217,1.0377732886357756,0.10516830396938458,1.6123662735247226,0.9082009689490537,0.704165304575669,6.039404649057152,9.402395831639064,46.93357114049601,0.8678709581498854,46.06570018234612,2,4,6,42,0.47619047619047616,0.9523809523809523,1.4285714285714284,D15,V15,2026-08-04,42,18.22,19.2,36.0,0.6830069139237918,0.7149028790444558,0.6989548964841238
T00218,1.0462381212459773,0.1213859750794282,1.5680261477411657,0.9093811082269084,0.6586450395142572,6.347778144523704,11.296550938830666,47.911639504404356,0.3713488925525429,47.540290611851816,2,2,4,27,0.7407407407407407,0.7407407407407407,1.4814814814814814,D15,V15,2026-08-02,27,10.93,18.6,29.6,1.0479821784818881,1.1768637769240693,1.1124229777029786
T00219,1.0116002036047016,0.09932174605437738,1.5094005432621256,0.8846903413059284,0.6247102019561972,6.413692619856725,10.335662123852266,45.84539889672681,0.8884818512496471,44.95691704547717,2,5,7,42,0.47619047619047616,1.1904761904761905,1.6666666666666665,D15,V15,2026-08-04,42,15.24,16.9,38.8,0.5514313623353464,0.9425149329225639,0.7469731476289552
T00220,1.0125712363281543,0.09770083748307869,1.489021490778424,0.9011381692060325,0.5878833215723915,4.047069188466392,4.7037072356132175,31.857291159167946,0.6237788069500277,31.233512352217918,2,1,3,41,0.4878048780487805,0.24390243902439024,0.7317073170731707,D15,V15,2026-08-05,41,9.42,19.6,45.0,0.5149531571343633,-0.4310488935614782,0.041952131786442554
T00221,0.9853596894915958,0.042924031949226296,1.0657846874486423,0.9221957492853673,0.143588938163275,5.634566564008042,8.695538009351472,34.230280454591664,0.7725930364687479,33.457687418122916,0,1,1,13,0.0,0.7692307692307693,0.7692307692307693,D15,V15,2026-08-02,13,11.28,18.1,30.0,-0.7177872872679163,0.5425090381085069,-0.08763912457970469
T00222,1.00805771442272,0.07163004121223236,1.2562694774609466,0.9027751658081873,0.35349431165275935,3.920051430445587,4.325914219398564,27.80181828586037,0.7723341245859852,27.029484161274386,2,1,3,36,0.5555555555555556,0.2777777777777778,0.8333333333333333,D15,V15,2026-08-04,36,16.74,28.8,45.2,-0.0717646090373532,-0.5231879165594056,-0.29747626279837935
T00223,1.016462256626076,0.0679184405101168,1.2249706118923833,0.8890343075494893,0.335936304342894,4.159547636052173,7.050142729188086,46.51110620056246,1.112924076476019,45.39818212408644,2,1,3,39,0.5128205128205128,0.2564102564102564,0.7692307692307693,D15,V15,2026-08-02,39,17.99,24.9,46.7,-0.15529339926850483,0.1412175714776979,-0.0070379138954034665
T00224,1.0260459748491477,0.08030491238928467,1.219675776589828,0.8975583546488773,0.3221174219409507,6.064502580981147,9.377705430916762,37.1500417227222,2.2383476048192334,34.91169411790297,1,1,2,13,0.7692307692307693,0.7692307692307693,1.5384615384615385,D15,V15,2026-08-03,13,7.79,18.2,26.3,0.12346153541758606,0.7088811970589752,0.41617136623828066
T00225,1.0076885390649244,0.07174233735990349,1.322709718721383,0.8981364038941969,0.4245733148271861,6.359770785146395,10.850839515298857,49.4796220680797,1.403709371629327,48.075912696450374,1,4,5,45,0.22222222222222224,0.888888888888889,1.1111111111111112,D15,V15,2026-07-31,45,20.93,30.1,46.2,-0.0692374079412759,1.0681602981919405,0.4994614451253323
T00226,1.0028812011655523,0.048305919509279406,1.0982754663562326,0.9088954835403243,0.1893799828159083,6.1426922741648955,9.554460417166084,43.84843896879341,1.3477388471065157,42.5007001216869,0,3,3,33,0.0,0.9090909090909092,0.9090909090909092,D16,V16,2026-08-03,33,13.75,29.0,36.4,-0.5966690439194094,0.7519895422216375,0.07766024915111402
T00227,0.9959715182800715,0.043628806915957254,1.095540505869135,0.8882009907672925,0.20733951510184245,3.56348725637898,4.381517676000435,30.831759599477937,1.021077861869505,29.810681737608434,0,1,1,44,0.0,0.2272727272727273,0.2272727272727273,D16,V16,2026-08-04,44,17.6,20.0,35.0,-0.7019264754293253,-0.509626924305136,-0.6057766998672307
T00228,1.0176360914815208,0.052627908250114964,1.1000813606274764,0.9018126191177411,0.19826874150973528,3.7899474046809427,1.5996120206294628,6.361682167477404,0.844393273303382,5.517288894174022,0,0,0,26,0.0,0.0,0.0,D16,V16,2026-07-31,26,15.45,27.7,33.1,-0.4994035997381746,-1.1880991515753558,-0.8437513756567652
T00229,0.9905117458294076,0.05581716082602104,1.088105693395637,0.8844320211299453,0.20367367226569166,2.971444942912077,1.1484405508359399,5.064602649764343,1.0293201639917484,4.035282485772594,0,0,0,21,0.0,0.0,0.0,D16,V16,2026-08-03,21,6.41,22.1,34.0,-0.42763014381249326,-1.298134267755732,-0.8628822057841126
T00230,1.0154359934626611,0.11454873241363933,1.597854811927542,0.8698798767646024,0.7279749351629395,7.516363043552523,11.467250851258125,45.53900086738838,1.2116517651536682,44.32734910223471,1,5,6,35,0.2857142857142857,1.4285714285714284,1.7142857142857144,D16,V16,2026-07-31,35,20.13,28.7,39.9,0.8941114757242785,1.2184953648091175,1.056303420266698
T00231,1.0096587737837965,0.041982750156282236,1.0928293553890287,0.9287163183663782,0.16411303702265045,3.3039376828798104,1.2983300852435755,6.178074133579169,1.478039241698271,4.700034891880898,0,0,0,27,0.0,0.0,0.0,D16,V16,2026-08-03,27,10.89,20.4,27.7,-0.7389706353005892,-1.261578072523984,-1.0002743539122867
T00232,1.025334762570557,0.1513527397297467,1.7148311870268746,0.9196363411697039,0.7951948458571707,4.283047520923794,3.6427801996265883,20.128611477198323,0.9494208761134338,19.17919060108489,1,1,2,24,0.41666666666666663,0.41666666666666663,0.8333333333333333,D16,V16,2026-08-02,24,16.32,23.7,33.6,1.7223778905411145,-0.6897958168035797,0.5162910368687674
T00233,1.0432776925094884,0.1824601253194307,1.730640921739689,0.9114258060862661,0.8192151156534229,3.5055250613993074,1.6467277922125494,7.836006636035985,0.4724404724407087,7.3635661635952765,1,1,2,17,0.5882352941176471,0.5882352941176471,1.1764705882352942,D16,V16,2026-08-06,17,6.13,27.4,38.5,2.4224430360399927,-1.176608200247149,0.6229174178964219
T00234,1.0095602949020275,0.0620192886979636,1.2292603467126075,0.9099725270578228,0.3192878196547847,3.9929813571655894,6.211349816679882,42.66736106205773,1.0877959367454908,41.579565125312236,1,2,3,43,0.23255813953488372,0.46511627906976744,0.6976744186046512,D16,V16,2026-08-04,43,30.63,24.6,37.5,-0.28805256540892604,-0.06335359881672588,-0.17570308211282595
T00235,1.0181144978975618,0.059574786626609484,1.1661736577371313,0.9211536245382743,0.245020033198857,4.027029159115182,5.643945078609761,37.568026298968654,0.9361089680160104,36.631917330952646,1,1,2,39,0.2564102564102564,0.2564102564102564,0.5128205128205128,D16,V16,2026-08-01,39,15.57,30.7,39.6,-0.34306556845674063,-0.2017365650610555,-0.2724010667588981
T00236,1.0128713114347425,0.06194086325798613,1.2161040251557431,0.8950648021232877,0.32103922303245547,2.958206838378404,1.2121050920555998,6.165070964717275,1.0906878563548785,5.0743831083623965,1,0,1,37,0.2702702702702703,0.0,0.2702702702702703,D16,V16,2026-07-31,37,19.49,28.5,37.9,-0.28981751337892997,-1.2826072771131685,-0.7862123952460492
T00237,1.0047635253708704,0.04147108167208207,1.0728625261420963,0.9235935253129485,0.14926900082914785,4.6831508019266845,6.208900535471845,30.58072759108259,1.5310453944935793,29.04968219658901,0,1,1,20,0.0,0.5,0.5,D16,V16,2026-08-01,20,7.56,28.3,39.4,-0.7504856265172591,-0.06395094807377903,-0.40721828729551907
T00238,1.013939667139089,0.07352459482117638,1.2468416098286101,0.9256111494574815,0.3212304603711287,3.336354347335087,1.2036453610708429,5.812856440683874,0.8047981113297918,5.008058329354083,1,0,1,25,0.4,0.0,0.4,D16,V16,2026-08-03,25,14.04,29.7,36.1,-0.029128080034393412,-1.2846705003976293,-0.6568992902160113
T00239,1.0085430073307842,0.04082187565547468,1.082098886423972,0.9133334549878265,0.16876543143614553,3.673042547602597,1.5379979240574124,7.033761440367451,1.0896788517723925,5.944082588595059,0,0,0,27,0.0,0.0,0.0,D16,V16,2026-08-03,27,10.67,17.2,28.8,-0.7650958708646889,-1.203126064242855,-0.9841109675537719
T00240,1.022686064214575,0.07307543645326153,1.275749975504605,0.8784793679990441,0.39727060750556076,4.378070379569154,6.846750488029171,46.14554908114108,0.6122091146005587,45.53333996654052,2,2,4,41,0.4878048780487805,0.4878048780487805,0.975609756097561,D16,V16,2026-08-01,41,27.28,19.5,28.0,-0.03923629428080759,0.09161273078076607,0.026188218249979238
T00241,1.0310399695591468,0.13905833992078437,1.732478571296049,0.9472892905548969,0.7851892807411522,6.752141179074832,10.714404878215086,49.62048568887652,0.8598255637046389,48.76066012517188,1,4,5,30,0.3333333333333333,1.3333333333333333,1.6666666666666665,D17,V17,2026-08-03,30,13.13,19.4,32.9,1.4456950183573187,1.034885585255392,1.2402903018063554
T00242,1.005663378823757,0.05396744062588423,1.1984047730212026,0.9111624443533656,0.28724232866783705,3.895714794039489,4.45839575023254,26.2578083624662,0.7502666192761077,25.507541743190092,1,1,2,30,0.3333333333333333,0.3333333333333333,0.6666666666666666,D17,V17,2026-08-04,30,18.11,25.6,45.0,-0.4692577064151962,-0.4908773171242461,-0.4800675117697212
T00243,1.0312226470639831,0.13946022240001524,1.7812282279371163,0.9327518426677055,0.8484763852694108,4.718318224529682,6.9894871570862085,36.49870682640688,0.6145730225123781,35.8841338038945,3,2,5,37,0.8108108108108109,0.5405405405405406,1.3513513513513513,D17,V17,2026-08-05,37,24.36,27.4,52.0,1.4547392987094905,0.12642443101987658,0.7905818648646835
T00244,1.0252315511436287,0.052308817315942446,1.1869372350718466,0.9639429443696343,0.22299429070221222,4.100437168586489,6.407728477865751,38.5217276351931,0.9283856957105704,37.593341939482535,2,2,4,33,0.6060606060606061,0.6060606060606061,1.2121212121212122,D17,V17,2026-08-06,33,20.93,27.4,48.0,-0.506584673847242,-0.015459283139311988,-0.261021978493277
T00245,1.024159219989686,0.07959978714177338,1.270566015600921,0.9222412916368471,0.348324723964074,7.417249536869392,12.61321953036473,53.774415849918825,0.5616048432839589,53.212811006634865,4,5,9,39,1.0256410256410255,1.282051282051282,2.307692307692308,D17,V17,2026-08-04,39,14.98,27.0,44.7,0.10759284058398277,1.497982888260623,0.8027878644223029
T00246,1.0136348271290474,0.039376311544613296,1.105208125196336,0.9266142671036315,0.17859385809270445,4.401082105956718,6.191890339625252,35.37513392200799,0.8674099376880576,34.50772398431993,0,2,2,44,0.0,0.4545454545454546,0.4545454545454546,D17,V17,2026-08-04,44,28.62,28.0,45.2,-0.7976279860011578,-0.0680995235080533,-0.43286375475460553
T00247,1.0173116452955588,0.06812162238434744,1.2094250700229427,0.9270134842600728,0.28241158576286995,4.71746262777945,8.35925500820823,45.763795734182715,0.7809609465267774,44.98283478765594,2,1,3,27,0.7407407407407407,0.37037037037037035,1.1111111111111112,D17,V17,2026-08-05,27,9.65,31.6,49.6,-0.15072083408343281,0.46049379207086094,0.15488647899371405
T00248,1.020953627883716,0.0652238149358148,1.2704857338829114,0.9473357377403219,0.32314999614258955,4.20087461236973,4.888469860210424,29.408891512602104,0.5995831885568508,28.809308324045254,2,1,3,31,0.6451612903225806,0.3225806451612903,0.967741935483871,D17,V17,2026-07-31,31,17.34,24.8,38.0,-0.21593537894564976,-0.3859875848917412,-0.3009614819186955
T00249,1.0591885798669762,0.06714857880843755,1.2252611966433933,0.9865013938155384,0.23875980282785492,6.0546627755648625,10.710438299327667,41.405009358772034,0.9020532135079393,40.50295614526409,1,1,2,13,0.7692307692307693,0.7692307692307693,1.5384615384615385,D17,V17,2026-07-31,13,6.67,28.2,44.5,-0.17261897433640225,1.0339181859450686,0.43064960580433315
T00250,1.0162488824039384,0.06334969845543592,1.3276445307385558,0.9307394909425516,0.3969050397960042,3.229344784928771,1.1125711294924097,6.226371334894829,1.020441081101697,5.205930253793132,1,0,1,33,0.30303030303030304,0.0,0.30303030303030304,D17,V17,2026-07-31,33,14.64,25.1,48.3,-0.2581119746848103,-1.3068823739838684,-0.7824971743343394
T00251,1.0278306079881696,0.05053887668147526,1.1370052770326091,0.9721897962846555,0.1648154807479536,7.055503067360452,13.100716882624127,50.55272594034865,1.9306475597581245,48.62207838059053,0,1,1,13,0.0,0.7692307692307693,0.7692307692307693,D17,V17,2026-08-01,13,3.82,21.6,38.0,-0.5464168141671136,1.6168774358658549,0.5352303108493706
T00252,1.0139189496332806,0.05009177560493707,1.187340305051589,0.9330509096507007,0.25428939540088824,3.82090332803771,6.309247737089702,43.99127640794252,0.8793747778962051,43.11190163004632,1,1,2,44,0.2272727272727273,0.2272727272727273,0.4545454545454546,D17,V17,2026-08-02,44,18.93,25.3,42.7,-0.5564787295054188,-0.03947751230123406,-0.2979781209033264
T00253,1.0108148567069288,0.043788921459307587,1.1114175632947323,0.8940290823010179,0.21738848099371444,3.3777795147612513,1.4168776945504349,7.224416931490043,0.8953211714239757,6.3290957600660676,0,0,0,31,0.0,0.0,0.0,D17,V17,2026-07-31,31,19.45,20.1,39.4,-0.6983231314336085,-1.2326657834358556,-0.9654944574347321
T00254,1.0195433293202047,0.07361373121915823,1.185124887933757,0.9212947411116598,0.26383014682209727,3.0821050607157177,1.5322841160866736,6.720483613550441,1.5352524222420234,5.185231191308418,1,0,1,12,0.8333333333333333,0.0,0.8333333333333333,D17,V17,2026-08-02,12,5.77,18.1,35.2,-0.027122084215731295,-1.2045195910192275,-0.6158208376174794
T00255,1.016908049001621,0.029571453625119575,1.0869199602546638,0.9649383399989867,0.12198162025567705,4.064001655226174,6.662017342639905,32.79706541750344,0.8093207028119322,31.98774471469151,0,1,1,21,0.0,0.47619047619047616,0.47619047619047616,D17,V17,2026-08-05,21,9.18,29.3,42.8,-1.0182842435389974,0.04655861172359965,-0.48586281590769886
T00256,1.0136532304815675,0.029767297742270937,1.0569910122607475,0.9398733957294462,0.11711761653130137,4.887136760338907,7.925091632339873,42.32358444177431,0.7193052203341778,41.60427922144013,0,2,2,25,0.0,0.8,0.8,D18,V18,2026-07-31,25,17.39,21.1,27.7,-1.013876813027893,0.35460673869223713,-0.32963503716782794
T00257,1.007390417212167,0.02897448326060384,1.0858439114347882,0.9581529105523815,0.1276910008824067,3.507075687219487,1.5835972124927427,5.9521508717437595,0.5862593282839942,5.365891543459766,0,0,0,18,0.0,0.0,0.0,D18,V18,2026-08-05,18,10.19,21.6,30.3,-1.0317189355637693,-1.1920049643137742,-1.1118619499387719
T00258,1.0346844959203658,0.15444000707544545,1.6492522548112523,0.8741979180940663,0.7750543367171859,3.652954190182611,1.207694957901181,5.4857087053543045,1.1442901729893515,4.341418532364953,1,0,1,19,0.5263157894736842,0.0,0.5263157894736842,D18,V18,2026-07-31,19,9.49,24.4,32.6,1.7918561903914647,-1.2836828540424334,0.25408666817451564
T00259,1.0095429117421508,0.034860724656545945,1.077868730412011,0.9342381923257046,0.14363053808630633,3.088059940110108,1.1966130540778215,5.511025312952209,0.4438468204234429,5.067178492528766,0,0,0,39,0.0,0.0,0.0,D18,V18,2026-08-06,39,24.03,20.1,32.2,-0.8992503156146124,-1.286385592704657,-1.0928179541596348
T00260,1.0316158919320193,0.09959459041617627,1.4989959973262104,0.9691037096203894,0.529892287705821,5.228974183160649,7.719700189839703,45.41518908911422,0.9343982020530648,44.480790887061154,2,3,5,35,0.5714285714285714,0.8571428571428572,1.4285714285714284,D18,V18,2026-08-05,35,18.03,27.5,35.0,0.5575716670964328,0.3045143176260198,0.43104299236122634
T00261,1.003282456805389,0.03510762936140125,1.0899403653411501,0.929547201598714,0.16039316374243617,5.138860963016755,9.093418507416983,51.06629612572269,0.6586349520030045,50.40766117371968,0,1,1,28,0.0,0.3571428571428571,0.3571428571428571,D18,V18,2026-08-01,28,16.32,31.1,39.1,-0.893693777356823,0.6395471483653027,-0.12707331449576015
T00262,1.0080081627390345,0.035440725678954475,1.1127717645591122,0.9445311005996574,0.1682406639594548,4.705720044182699,6.670032126223401,36.25175995727656,0.831745153277132,35.42001480399943,0,2,2,38,0.0,0.5263157894736842,0.5263157894736842,D18,V18,2026-08-04,38,21.74,18.8,25.6,-0.8861975150515018,0.04851331786486799,-0.4188420985933169
T00263,1.0128675903732471,0.04761132099585805,1.172345938705807,0.9552868679093207,0.21705907079648634,3.08569197481714,1.3693585163883528,6.814939471484688,0.7262231062146123,6.088716365270075,1,0,1,25,0.4,0.0,0.4,D18,V18,2026-08-05,25,12.79,30.4,38.1,-0.6123008368246572,-1.244255120616803,-0.9282779787207301
T00264,0.9807433199238819,0.03623593685364227,1.0616694400801032,0.9305960455536012,0.13107339452650202,3.148887402845695,1.9179629816934267,7.500653304879515,0.875956619930462,6.624696684949053,0,0,0,16,0.0,0.0,0.0,D18,V18,2026-08-01,16,9.06,28.5,35.0,-0.8683014554451696,-1.1104573073274495,-0.9893793813863095
T00265,1.0117981744399032,0.06582763029369255,1.2579813194161509,0.9290392887278772,0.32894203068827366,2.9686332100564408,1.5535065842658962,5.862772381732042,0.8971621926942754,4.965610189037767,1,0,1,21,0.47619047619047616,0.0,0.47619047619047616,D18,V18,2026-08-03,21,7.15,23.9,29.1,-0.20234664179033818,-1.1993436946958103,-0.7008451682430742
T00266,1.0137315393724566,0.036373103932777026,1.0576544804424555,0.9245939649381235,0.13306051550433196,3.649865272887128,1.7028305372965984,7.8909821948855,2.1542980295214496,5.73668416536405,0,1,1,11,0.0,0.9090909090909092,0.9090909090909092,D18,V18,2026-07-31,11,8.56,32.0,39.3,-0.865214539287099,-1.1629254377351788,-1.0140699885111388
T00267,1.0145324918914307,0.03984165137040167,1.1151434885251312,0.9507660069649103,0.16437748156022092,6.65301302040756,13.32756564380318,54.995481632585054,0.3413209633175202,54.65416066926753,0,2,2,25,0.0,0.8,0.8,D18,V18,2026-08-05,25,10.82,24.4,35.0,-0.787155611461428,1.672203030374601,0.4425237094565865
T00268,1.0104513033481768,0.042380512024226415,1.134536469224326,0.9636280402728015,0.17090842895152458,3.137998025401977,1.4236173240767733,6.1773780845922,0.9655050491841044,5.211873035408096,0,0,0,16,0.0,0.0,0.0,D18,V18,2026-08-06,16,4.81,22.2,27.0,-0.7300190884355067,-1.231022071526761,-0.9805205799811338
T00269,1.0175589907648395,0.046428884838261034,1.1749953191396125,0.9383943733846659,0.2366009457549466,4.170205563981527,4.417182424164319,29.762864445479707,0.6519202405202649,29.11094420495944,1,1,2,40,0.25,0.25,0.5,D18,V18,2026-08-01,40,10.24,31.9,40.1,-0.6389113129228414,-0.5009287353226792,-0.5699200241227603
T00270,1.004277628526326,0.04780059672384527,1.2168894773150107,0.9166684242407394,0.3002210530742714,2.98156641889141,1.2022606066259565,6.256085037785212,1.10004545360635,5.1560395841788615,1,0,1,44,0.2272727272727273,0.0,0.2272727272727273,D18,V18,2026-08-05,44,13.13,21.0,31.8,-0.6080412265250142,-1.285008224802708,-0.9465247256638611
T00271,1.0038350169523838,0.05003359447250082,1.1244598703377546,0.8965567466702818,0.22790312366747278,4.357158712228044,7.874373075368889,47.76106154599163,1.4210911300827966,46.33997041590884,0,1,1,33,0.0,0.30303030303030304,0.30303030303030304,D19,V19,2026-08-06,33,15.68,22.9,54.4,-0.5577880836080594,0.3422371127685118,-0.1077754854197738
T00272,1.0435214987388692,0.06923728611849413,1.2262218396358793,0.9815120987537546,0.24470974088212472,3.080238617068326,1.325097056521174,5.574486523438728,1.2788666857808126,4.295619837657916,2,0,2,15,1.3333333333333333,0.0,1.3333333333333333,D19,V19,2026-08-02,15,8.79,19.9,33.4,-0.12561305727842106,-1.2550499407791393,-0.6903314990287802
T00273,1.052265277436053,0.09952858949809987,1.482372760138286,0.9190663740992813,0.5633063860390046,6.135203033781199,10.346959882939146,52.62675080222985,0.9759610647971567,51.650789737432696,5,5,10,45,1.1111111111111112,1.1111111111111112,2.2222222222222223,D19,V19,2026-07-31,45,2.29,28.1,53.2,0.5560863303688249,0.945270316001799,0.750678323185312
T00274,1.015881337985221,0.05510385062024146,1.120477130511819,0.9103455387928256,0.21013159171899343,3.2578084641207488,1.3663998111225444,6.083272145811003,0.6243396511515187,5.458932494659485,0,0,0,38,0.0,0.0,0.0,D19,V19,2026-08-02,38,13.42,17.0,46.6,-0.4436830394039672,-1.2449767120725208,-0.844329875738244
T00275,1.112755208495051,0.22828454823922836,1.8790348586441923,0.9344276322969051,0.9446072263472872,6.382860686105132,12.055815259292336,49.06998675361549,0.4414748010928823,48.62851195252261,4,2,6,15,2.6666666666666665,1.3333333333333333,4.0,D19,V19,2026-07-31,15,7.19,18.5,44.3,3.453711999684075,1.3620389116723912,2.407875455678233
T00276,1.0604209031597422,0.13267364412506244,1.6710748038313545,0.9210537443602301,0.7500210594711244,5.787090420477927,9.418954643528279,50.64836522534562,0.45376205218153715,50.19460317316408,5,4,9,41,1.2195121951219512,0.975609756097561,2.1951219512195124,D19,V19,2026-08-01,41,18.11,32.4,59.1,1.3020087873716966,0.7189413675394678,1.0104750774555822
T00277,1.0959519692169588,0.19236979475373014,1.6885558918792116,0.9391027632799299,0.7494531285992817,7.7434270150529,12.62841470260993,49.53219155256509,2.0417639432608268,47.49042760930426,3,1,4,13,2.307692307692308,0.7692307692307693,3.076923076923077,D19,V19,2026-07-31,13,7.32,26.5,54.9,2.6454580545913826,1.5016888019881611,2.0735734282897718
T00278,1.1723251249674378,0.2524749126291358,1.690517376426519,0.9511871529830499,0.739330223443469,9.909772824105081,13.036859776498758,41.077936900482236,2.0887795479657494,38.989157352516486,5,3,8,11,4.545454545454545,2.727272727272727,7.272727272727273,D19,V19,2026-08-06,11,5.63,29.8,57.8,3.9981110433602955,1.6013034810351932,2.799707262197744
T00279,1.012305263121885,0.06194297899451035,1.1778527072601226,0.9168729464871347,0.2609797607729879,4.819550332896587,8.164708690484227,36.14895987438643,1.370875632579411,34.778084241807015,1,1,2,17,0.5882352941176471,0.5882352941176471,1.1764705882352942,D19,V19,2026-08-01,17,10.28,18.9,46.8,-0.2897698991751135,0.4130463621989726,0.06163823151192957
T00280,1.0178359636867875,0.06201479237325868,1.1412361718767943,0.9385206444186509,0.20271552745814336,5.9073428704872954,9.543106890461878,32.99144434546629,1.6220049321749916,31.3694394132913,1,1,2,10,1.0,1.0,2.0,D19,V19,2026-08-02,10,4.99,25.9,50.5,-0.2881537542471743,0.7492205581133871,0.23053340193310637
T00281,1.0054130956709026,0.05035754800662924,1.1027093905467569,0.9310671296958132,0.1716422608509437,7.8657488492935475,12.336697071197394,39.65141359396913,1.0770793842609745,38.574334209708155,0,2,2,13,0.0,1.5384615384615385,1.5384615384615385,D19,V19,2026-08-06,13,4.37,16.0,36.6,-0.550497577713546,1.4305424959528246,0.4400224591196393
T00282,1.0982467967967224,0.2208065350425292,1.7095300523828179,0.919805414204548,0.7897246381782699,7.634956561082544,11.780985542172164,39.952063776480934,0.5384236250388722,39.41364015144206,1,2,3,10,1.0,2.0,3.0,D19,V19,2026-08-02,10,4.61,33.4,58.6,3.2854208914038012,1.2950113581194647,2.290216124761633
T00283,1.0381672855741817,0.12003335148892674,1.6793123592709012,0.9184100391437368,0.7609023201271644,4.723358319143111,7.031462172720531,39.93613651819615,0.5743692192309752,39.36176729896518,3,2,5,44,0.6818181818181818,0.4545454545454546,1.1363636363636362,D19,V19,2026-08-02,44,20.12,23.1,48.7,1.0175416701350974,0.13666161584033848,0.5771016429877179
T00284,1.0564090672689235,0.15495972722891735,1.5776774068230806,0.9312260735181335,0.6464513333049471,9.466176416963227,14.701918389506519,51.967268544729194,2.175752743305176,49.79151580142402,1,3,4,15,0.6666666666666666,2.0,2.6666666666666665,D19,V19,2026-08-06,15,7.82,21.7,63.3,1.803552382725277,2.007390590251768,1.9054714864885225
T00285,1.0048983263042253,0.05857843823225055,1.1363753781211559,0.915627107506107,0.22074827061504887,4.159445097305995,6.5420809636085,29.714301270600327,0.5767148342118485,29.137586436388478,0,1,1,18,0.0,0.5555555555555556,0.5555555555555556,D19,V19,2026-08-06,18,5.69,34.5,58.8,-0.3654881787289383,0.017307618953569276,-0.1740902798876845
T00286,1.0083238348057721,0.03647439068895027,1.0584233557513743,0.9175472739864687,0.14087608176490551,5.931076691061221,10.537959087278056,40.604186976222046,0.764395185751454,39.83979179047059,0,1,1,13,0.0,0.7692307692307693,0.7692307692307693,D20,V20,2026-08-04,13,6.86,22.7,40.1,-0.8629351022224475,0.9918526489879905,0.0644587733827715
T00287,1.0104026929328942,0.05688015308549226,1.1559589093043057,0.9204265315602327,0.23553237774407298,4.754850843591693,6.237530998059157,26.111794270022887,1.1237882362794158,24.98800603374347,1,1,2,14,0.7142857142857142,0.7142857142857142,1.4285714285714284,D20,V20,2026-08-04,14,8.26,31.2,44.6,-0.4037077274253802,-0.056968333950296324,-0.23033803068783826
T00288,1.0133210616031199,0.055318840977488036,1.2727749211859887,0.932021458980425,0.3407534622055637,4.0501035703270825,6.2432234456656,41.364151145647845,0.8182909018191513,40.54586024382869,1,1,2,39,0.2564102564102564,0.2564102564102564,0.5128205128205128,D20,V20,2026-07-31,39,12.0,24.0,39.7,-0.43884472680155445,-0.05558001670139682,-0.24721237175147565
T00289,1.0050290607659507,0.036271757346373,1.1009200697598351,0.9657220096901592,0.13519806006967594,6.211082188883032,11.19113690103703,41.63780013401284,1.3467739231214717,40.29102621089137,0,1,1,12,0.0,0.8333333333333333,0.8333333333333333,D20,V20,2026-08-02,12,4.03,18.4,28.5,-0.8674953228184632,1.1511546027580395,0.14182963996978815
T00290,1.0288430263078001,0.08034414795615007,1.2274559055216607,0.8964468751688524,0.3310090303528084,6.5191901144528925,12.917382038278337,51.26977764726506,0.4119465984809196,50.85783104878414,3,2,5,27,1.1111111111111112,0.7407407407407407,1.8518518518518516,D20,V20,2026-08-06,27,10.25,31.0,48.4,0.12434452356672407,1.5721643450608613,0.8482544343137927
T00291,1.0202243397927324,0.04014275214065385,1.0768960024069176,0.9436837393957787,0.13321226301113898,6.180027631932123,9.280190279931132,32.3266175156016,1.6610237806846715,30.665593734916925,0,1,1,10,0.0,1.0,1.0,D20,V20,2026-08-06,10,4.51,20.9,30.4,-0.7803794021934167,0.68509846325056,-0.04764046947142836
T00292,1.034830774167827,0.07782899759183358,1.2532457859494284,0.9550801013527609,0.2981656845966675,4.720458772641577,5.065316820635515,29.64654785974246,1.2173331507849443,28.429214708957513,3,1,4,28,1.0714285714285714,0.3571428571428571,1.4285714285714284,D20,V20,2026-08-01,28,22.32,23.9,42.1,0.06774159560061772,-0.3428568083702852,-0.13755760638483375
T00293,1.0248500986055653,0.07692680391234645,1.3005602638862992,0.9253696558673188,0.3751906080189804,4.485213113441705,5.611938320901,33.05750444301566,0.8083316151184486,32.24917282789721,2,1,3,30,0.6666666666666666,0.3333333333333333,1.0,D20,V20,2026-08-06,30,15.03,22.9,37.5,0.047437917309254736,-0.2095426156179588,-0.08105234915435204
T00294,1.0150497034646218,0.06313134662378114,1.1924621587287372,0.8974291058351073,0.2950330528936299,5.198915987628585,8.289222748590856,44.22612124073283,0.7426977851050858,43.483423455627744,2,3,5,44,0.4545454545454546,0.6818181818181818,1.1363636363636362,D20,V20,2026-08-01,44,21.19,24.3,39.4,-0.2630259365591261,0.4434137940228934,0.09019392873188364
T00295,1.0335850250993854,0.07831855131022905,1.2319683437491404,0.9372326285400013,0.2947357152091391,6.745487893097735,13.760930651394151,48.036544421929435,0.7200694410957877,47.31647498083365,1,1,2,11,0.9090909090909092,0.9090909090909092,1.8181818181818183,D20,V20,2026-08-03,11,6.97,23.6,47.9,0.07875889868158437,1.7778953716492059,0.9283271351653951
T00296,1.0117271797097893,0.0481665268998657,1.1425992298264516,0.9431240639491709,0.19947516587728065,3.095204675248542,1.3250171182965387,5.986484778231713,0.6837397165588672,5.302745061672845,1,0,1,30,0.3333333333333333,0.0,0.3333333333333333,D20,V20,2026-08-05,30,18.68,26.0,41.5,-0.5998060451665679,-1.2550694367189847,-0.9274377409427763
T00297,1.0201480315581277,0.07056455950719479,1.3013354678944242,0.9410196597308687,0.3603158081635556,6.614355204282251,12.235793841182884,53.71289696153057,1.2347064428438042,52.478190518686766,1,2,3,23,0.43478260869565216,0.8695652173913043,1.3043478260869565,D20,V20,2026-08-04,23,14.04,28.6,49.9,-0.09574304987138091,1.4059334517623687,0.6550952009454939
T00298,1.0285004310512915,0.08419483611537376,1.2987574831353235,0.8990072302267652,0.39975025290855826,5.459586765398778,7.764882754583865,33.2561648420259,0.8295782060782455,32.42658663594766,3,2,5,24,1.25,0.8333333333333333,2.0833333333333335,D20,V20,2026-08-06,24,8.45,22.3,33.6,0.21100344765681914,0.3155337838241518,0.2632686157404855
T00299,1.0413032561386573,0.10830034702845005,1.4818846108924946,0.9413569992303663,0.5405276116621283,5.010389538199353,9.513896785867063,55.589093354722024,1.2511194986890741,54.33797385603295,3,2,5,32,0.9375,0.625,1.5625,D20,V20,2026-08-02,32,12.68,24.2,44.1,0.7534928817506913,0.7420965765056795,0.7477947291281855
T00300,1.016066200535116,0.05963828939366985,1.2041067228447817,0.910048899785061,0.2940578230597207,4.395373374020356,6.288609307286458,43.23470018399573,0.494368283772331,42.740331900223396,3,2,5,43,0.6976744186046512,0.46511627906976744,1.1627906976744187,D20,V20,2026-08-04,43,24.19,23.5,37.3,-0.34163645209035465,-0.04451096892077571,-0.19307371050556518
T00301,1.015353161804329,0.05251052974690678,1.202428376245338,0.9311745271430056,0.2712538491023324,5.574400765222503,9.340087393135244,42.04934482248208,1.1085576214162258,40.94078720106585,1,3,4,41,0.24390243902439024,0.7317073170731707,0.975609756097561,D21,V21,2026-07-31,41,18.17,27.5,48.1,-0.5020451781726583,0.6997066250062222,0.09883072341678195
T00302,1.0322773934447023,0.11359424898214782,1.5471373565394895,0.9235139414215684,0.6236234151179211,4.388052086550346,5.195591382847444,32.04327698597633,1.4548539445593842,30.58842304141694,2,1,3,32,0.625,0.3125,0.9375,D21,V23,2026-08-01,32,15.77,21.1,44.3,0.8726310276031427,-0.3110844611629198,0.2807732832201114
T00303,0.9953158900887804,0.04620629359735173,1.1076520211691034,0.9097301797785979,0.1979218413905055,4.290789752890718,4.378316732075347,27.04544693659175,1.1903780911962385,25.85506884539551,0,1,1,31,0.0,0.3225806451612903,0.3225806451612903,D21,V21,2026-08-04,31,13.29,31.1,50.6,-0.6439206818074327,-0.5104075947603072,-0.5771641382838699
T00304,1.0181816833380386,0.06165127130800752,1.2318027439488841,0.9266903474192445,0.3051123965296396,6.096548050517556,10.20500276607672,47.680961609430646,1.354510981867626,46.32645062756302,2,4,6,45,0.4444444444444445,0.888888888888889,1.3333333333333333,D21,V21,2026-08-03,45,16.69,24.8,46.5,-0.2963347190763548,0.910648738857888,0.3071570098907666
T00305,1.012704922885862,0.03038312184369055,1.0688540592616,0.9517715061925315,0.11708255306906856,2.6168813127560075,1.3266159496481116,4.954169960750236,1.086876257906115,3.8672937028441208,0,0,0,13,0.0,0.0,0.0,D21,V21,2026-08-05,13,5.13,20.9,31.0,-1.0000178216343827,-1.2546795016160321,-1.1273486616252075
T00306,1.0218605511134133,0.05646305888042781,1.1916983678767041,0.9465801603667806,0.24511820750992352,6.705344652631366,11.686565807519013,50.4752949471323,1.1081967334368028,49.36709821369549,2,3,5,33,0.6060606060606061,0.9090909090909092,1.5151515151515151,D21,V21,2026-07-31,33,11.58,30.8,46.8,-0.41309434445603216,1.2719835578974459,0.42944460672070683
T00307,1.0365467485335949,0.12755219895637285,1.7653540721339727,0.930142462206731,0.8352116099272416,4.481108437790074,5.90835014336245,37.454233405584475,0.9869143833180262,36.46731902226645,1,2,3,38,0.2631578947368421,0.5263157894736842,0.7894736842105263,D21,V29,2026-08-03,38,9.46,18.0,31.6,1.1867517450578546,-0.13725145470588002,0.5247501451759873
T00308,1.0088177374987632,0.04708394737263124,1.2255194816892958,0.9470026399118431,0.27851684177745273,4.320566999730758,6.109280324643001,40.40957683520083,0.6897100840208152,39.719866751180014,1,1,2,39,0.2564102564102564,0.2564102564102564,0.5128205128205128,D21,V21,2026-08-05,39,19.68,27.8,45.0,-0.6241692688795509,-0.08824707982493343,-0.35620817435224217
T00309,1.019433245379468,0.05242653225521513,1.1824385819145111,0.9552491821509191,0.22718939976359198,4.187025423958719,6.590879582022487,40.17171890770919,0.6256196927846821,39.54609921492451,1,1,2,33,0.30303030303030304,0.30303030303030304,0.6060606060606061,D21,V21,2026-08-04,33,13.11,20.2,35.8,-0.5039355239901531,0.02920899571633818,-0.23736326413690745
T00310,1.013044953521651,0.04597476514446406,1.14861481794377,0.945531067707455,0.20308375023631509,4.920856545668071,6.5853745293061285,36.73503232610528,2.135602959353634,34.59942936675164,1,1,2,26,0.38461538461538464,0.38461538461538464,0.7692307692307693,D21,V21,2026-08-02,26,8.85,25.4,38.4,-0.6491311807608289,0.02786638175295782,-0.3106323995039355
T00311,1.013545037865225,0.048695448137387944,1.208230938190212,0.943601610850681,0.26462932733953115,4.579615582517747,8.847929891765242,56.30117050293005,0.7816648898345121,55.51950561309554,1,1,2,37,0.2702702702702703,0.2702702702702703,0.5405405405405406,D21,V21,2026-07-31,37,11.33,26.1,59.5,-0.5879027843786779,0.5796755249300682,-0.004113629724304846
T00312,1.032904200287677,0.10078871433854017,1.49432995017834,0.9091957984944716,0.5851341516838684,7.079041146254624,9.377009440062267,35.19176039927528,1.1370576062803501,34.05470279299493,2,5,7,34,0.5882352941176471,1.4705882352941178,2.0588235294117645,D21,V21,2026-08-05,34,21.52,19.3,37.7,0.5844451738732479,0.7087114535364738,0.6465783137048609
T00313,1.0058573245133904,0.032818357367109634,1.0582065015865287,0.9277160125814364,0.1304904890050923,4.318256719083662,7.38730348460505,38.399885416495714,0.5748912940721924,37.82499412242352,0,1,1,24,0.0,0.41666666666666663,0.41666666666666663,D21,V21,2026-08-06,24,14.88,24.2,39.9,-0.9452133602915503,0.22344689087758685,-0.36088323470698175
T00314,0.9954125522067355,0.034960335790123,1.0591723183693955,0.9179074027373351,0.14126491563206045,2.8591468135209963,1.073635219660723,5.330984899622207,1.1449454135459909,4.186039486076216,0,0,0,30,0.0,0.0,0.0,D21,V21,2026-08-06,30,16.1,25.8,43.3,-0.8970085880827412,-1.3163783586565674,-1.1066934733696543
T00315,1.0274884345724953,0.04867255839875778,1.14165756687371,0.957531722712099,0.18412584416161093,2.8339339068843112,1.0042442525794475,4.898693703427476,1.2200409829181968,3.6786527205092794,1,0,1,16,0.625,0.0,0.625,D21,V21,2026-08-06,16,6.23,29.4,44.5,-0.5884179131142111,-1.3333019534223247,-0.9608599332682679
T00316,0.9957875214679761,0.03105393316768886,1.0478831041676355,0.944472868853309,0.10341023531432647,3.078873084258597,1.207095011922771,4.467639197607614,1.2946428078817724,3.1729963897258413,0,0,0,10,0.0,0.0,0.0,D22,V22,2026-08-03,10,4.6,26.1,37.5,-0.9849213544052977,-1.2838291734129081,-1.134375263909103
T00317,1.0082702127289487,0.04718638671331232,1.1036317320555802,0.9114834063218047,0.1921483257337755,5.094673357673922,7.4928350827851,42.68968376551881,0.7292461861401813,41.96043757937863,0,1,1,28,0.0,0.3571428571428571,0.3571428571428571,D22,V22,2026-08-05,28,12.59,20.0,27.6,-0.6218638931438769,0.24918473656130638,-0.18633957829128528
T00318,1.0060379825211268,0.039230952966376714,1.1567765557790322,0.8987107432316586,0.2580658125473736,3.2223166103795844,1.322786142293971,8.115750119366663,0.8604068804931769,7.255343238873485,1,1,2,43,0.23255813953488372,0.23255813953488372,0.46511627906976744,D22,V22,2026-08-06,43,14.81,17.6,31.3,-0.8008992501171769,-1.2556135440486225,-1.0282563970828997
T00319,1.0094354717654974,0.05929839270862386,1.208081536983328,0.9052806194766351,0.3028009175066929,3.957717102434071,5.669029810722497,37.143706061727336,0.6086049621881175,36.53510109953922,1,1,2,38,0.2631578947368421,0.2631578947368421,0.5263157894736842,D22,V22,2026-08-05,38,17.88,20.3,30.6,-0.3492857552304494,-0.19561871054857546,-0.2724522328895124
T00320,1.0032761929328708,0.0505631089098312,1.194566448549431,0.9120339905946488,0.2825324579547821,3.3677857119599612,1.5535434052244828,7.196151749372715,0.6029096117993145,6.593242137573401,1,0,1,45,0.22222222222222224,0.0,0.22222222222222224,D22,V22,2026-07-31,45,15.92,25.0,33.5,-0.54587147298372,-1.1993347145214701,-0.872603093752595
T00321,1.0227107138832618,0.08865151211963866,1.4454684361825407,0.9257024359911775,0.5197660001913632,4.436277578221174,6.857921134002371,46.437822946387136,0.9304300081145276,45.50739293827261,3,1,4,41,0.7317073170731707,0.24390243902439024,0.975609756097561,D22,V22,2026-08-06,41,26.67,28.9,42.8,0.31130000026719745,0.0943371125508134,0.20281855640900542
T00322,1.0054799365715716,0.053701595599512236,1.232695014997627,0.9130334057415425,0.31966160925608456,3.6574882543132627,4.982867375391455,34.7441779295467,0.718679344353238,34.02549858519346,1,1,2,43,0.23255813953488372,0.23255813953488372,0.46511627906976744,D22,V22,2026-08-03,43,10.42,18.8,27.3,-0.47524049261015633,-0.36296520372292046,-0.4191028481665384
T00323,1.0066295118116528,0.03034020110996078,1.0959685214457575,0.9653921483003681,0.1305763731453894,3.7229407195775943,1.4015752866396436,6.1403745814078805,1.5456713751635565,4.594703206244324,0,0,0,15,0.0,0.0,0.0,D22,V22,2026-08-02,15,8.79,28.1,35.6,-1.000983743685814,-1.236397850609948,-1.118690797147881
T00324,1.0422111090720554,0.15811339709417252,1.8381297560292094,0.9473162090875464,0.8908135469416629,3.8178399298906855,3.608021153659102,23.173549577050125,0.3861346915261565,22.78741488552397,2,2,4,39,0.5128205128205128,0.5128205128205128,1.0256410256410255,D22,V22,2026-08-02,39,16.51,17.0,24.2,1.8745250572597596,-0.6982731162726746,0.5881259704935424
T00325,1.0072533566909485,0.040890869832108954,1.1191738024096167,0.9285520986999061,0.19062170370971065,3.7374678428420514,5.49171829221214,38.364335000101335,0.5778408085277468,37.78649419157359,0,1,1,44,0.0,0.2272727272727273,0.2272727272727273,D22,V22,2026-08-06,44,20.74,24.0,33.8,-0.7635431714851543,-0.23886278701541175,-0.501202979250283
T00326,1.0067294253416388,0.027748665338109817,1.0648741709704486,0.9622769871507891,0.10259718381965943,3.6600650737161926,1.425222286723632,5.695902035674419,0.8969949832635632,4.798907052410856,0,0,0,16,0.0,0.0,0.0,D22,V22,2026-08-03,16,5.74,28.0,39.4,-1.0593057091224736,-1.2306306410770629,-1.1449681750997682
T00327,0.9982582180808739,0.03564390600046238,1.1112632451404123,0.9333370238022277,0.1779262213381846,4.311716376350848,6.001643984387433,38.73519071851848,1.150173899895142,37.58501681862334,0,1,1,36,0.0,0.2777777777777778,0.2777777777777778,D22,V22,2026-08-01,36,20.38,23.0,32.4,-0.8816249848101269,-0.11449824595179908,-0.49806161538096294
T00328,1.014072038121274,0.05276024348199513,1.1692997904729139,0.9472048352917124,0.22209495518120148,7.21645847638239,13.327036278940744,51.41355755051385,1.761618573925695,49.651938976588156,1,1,2,13,0.7692307692307693,0.7692307692307693,1.5384615384615385,D22,V22,2026-08-06,13,6.7,24.3,32.2,-0.4964254232824991,1.6720739248614207,0.5878242507894608
T00329,1.0096400791946634,0.037260161240527535,1.127338902016603,0.9312513087239127,0.1960875932926902,3.2073810404232437,1.4555435628463063,6.298523636535788,1.381774221788784,4.916749414747004,0,0,0,35,0.0,0.0,0.0,D22,V22,2026-08-04,35,18.3,25.8,36.7,-0.8452515018461724,-1.2232356585387774,-1.034243580192475
T00330,1.0104699954895429,0.038847789903626036,1.0520693893465394,0.9345121722053705,0.11755721714116885,3.652486248974993,1.5075063820936219,7.2224511074842175,2.010795862339089,5.211655245145129,0,0,0,12,0.0,0.0,0.0,D22,V22,2026-08-06,12,4.14,15.0,26.4,-0.8095222539533882,-1.2105625725044256,-1.010042413228907
T00331,1.0477489757131822,0.07991156690921555,1.2255325373077615,0.9048585524820992,0.32067398482566223,5.250735104538546,8.490367187140132,40.888465366164084,0.757495874576225,40.13096949158786,7,3,10,45,1.5555555555555556,0.6666666666666666,2.2222222222222223,D23,V23,2026-08-02,45,22.43,25.8,69.8,0.11460937842927174,0.4924704235897745,0.3035399010095231
T00332,1.026414558789622,0.08927705630791208,1.248814237587,0.925070267601332,0.3237439699856679,3.3067423600235086,1.4257843706481768,5.844972198394104,1.3118307817702708,4.533141416623833,1,0,1,10,1.0,0.0,1.0,D23,V23,2026-08-04,10,6.07,31.5,52.8,0.32537774016330856,-1.2304935557911323,-0.45255790781391186
T00333,1.039589698960194,0.10008555948007833,1.4351668892501666,0.9329839226910612,0.5021829665591053,3.445675928586515,3.2708928844654706,19.27506939027717,0.7066823897621901,18.56838700051498,3,1,4,28,1.0714285714285714,0.3571428571428571,1.4285714285714284,D23,V23,2026-08-03,28,12.93,34.7,55.8,0.5686208222292263,-0.7804945126862979,-0.1059368452285358
T00334,1.0512432842009554,0.07256233602032927,1.2074423381677488,0.9512702034648199,0.2561721347029289,5.368861564984555,9.883251788698052,39.5276662604814,1.099136024339117,38.42853023614229,2,1,3,14,1.4285714285714284,0.7142857142857142,2.142857142857143,D23,V23,2026-08-06,14,9.14,29.9,70.2,-0.05078351120138938,0.8321776728722355,0.3906970808354231
T00335,1.0380931901611106,0.11838476401072488,1.67208283287641,0.8959469850387355,0.7761358478376744,5.204405981060225,9.176581587112258,52.74468598825857,1.2368104139276965,51.50787557433087,3,4,7,40,0.75,1.0,1.75,D23,V23,2026-08-06,40,7.55,21.2,69.8,0.9804405569776565,0.6598295902944773,0.8201350736360669
T00336,1.0406376090349287,0.12920440061439775,1.6472440620624498,0.9200608675517071,0.7271831945107426,3.2529136037145605,1.4077561794133349,7.110843831782555,0.6723838189605696,6.438460012821985,4,0,4,36,1.1111111111111112,0.0,1.1111111111111112,D23,V23,2026-07-31,36,11.27,22.6,54.5,1.2239341945692102,-1.2348904076531433,-0.005478106541966565
T00337,1.0315726681398512,0.09330669743008481,1.3008954608268877,0.8830334082015244,0.41786205262536325,6.678856020532332,10.682030386524255,43.64873079483526,0.8193289937503738,42.829401801084884,4,4,8,36,1.1111111111111112,1.1111111111111112,2.2222222222222223,D23,V23,2026-08-01,36,15.19,26.6,59.8,0.4160639629051398,1.0269898489489462,0.721526905927043
T00338,1.0332029220141352,0.08971178209727033,1.2848139943198003,0.8555355048155511,0.4292784895042492,4.052532578612321,5.505361671511953,38.75059870505228,1.1348127598859645,37.615785945166316,6,1,7,44,1.3636363636363635,0.2272727272727273,1.5909090909090908,D23,V23,2026-08-05,44,27.07,24.7,62.8,0.3351611522762226,-0.235535336307957,0.049812907984132807
T00339,1.042100879495609,0.09468728285685829,1.4025377000280597,0.8814635556845217,0.5210741443435379,4.702600949931309,8.325293136051528,57.61953314632114,0.8127115109311545,56.80682163538999,4,2,6,44,0.9090909090909092,0.4545454545454546,1.3636363636363635,D23,V23,2026-08-06,44,19.97,20.4,58.4,0.44713374647410437,0.45221091339022096,0.44967232993216266
T00340,1.0314404517513553,0.1206865806954487,1.6333101358896907,0.8682706951175999,0.7650394407720907,7.313164960595083,12.472372474295476,54.27203884137761,0.5446099521676041,53.72742888921,3,5,8,40,0.75,1.25,2.0,D23,V23,2026-08-01,40,12.15,20.3,59.8,1.0322424555222038,1.4636320411528991,1.2479372483375515
T00341,1.0434641133554794,0.1194019378402382,1.5905080949180987,0.9385062599684671,0.6520018349496316,7.189357258593757,10.080454315967957,38.13128636697167,0.7687002016391046,37.362586165332566,2,4,6,27,0.7407407407407407,1.4814814814814814,2.2222222222222223,D23,V23,2026-07-31,27,12.13,21.0,44.7,1.0033318392714676,0.8802729192519286,0.9418023792616981
T00342,1.0414482959989717,0.16190068160607732,1.6693983946320305,0.8968840504769834,0.7725143441550472,5.408240569237911,9.963242400171675,50.09083948188531,1.526138918971664,48.56470056291365,2,2,4,23,0.8695652173913043,0.8695652173913043,1.7391304347826086,D23,V23,2026-08-04,23,12.35,29.3,50.2,1.9597570956523247,0.851686389216528,1.4057217424344264
T00343,1.0243046318802833,0.07696766845969828,1.2014274842869213,0.9216360453020488,0.27979143898487246,6.678979142490716,11.412621741509028,52.47826026079752,1.5100331122197288,50.96822714857779,3,2,5,25,1.2,0.8,2.0,D23,V23,2026-08-04,25,11.03,20.8,56.8,0.04835756532033971,1.2051720036470666,0.6267647844837031
T00344,1.0081837612395392,0.040439303940811334,1.0691370351830491,0.962268673500286,0.10686836168276315,5.358951089515382,8.626027360403185,29.61293298543729,1.2389511693363866,28.373981816100905,0,1,1,10,0.0,1.0,1.0,D23,V23,2026-07-31,10,6.11,18.0,39.6,-0.7737055665370366,0.5255562544222991,-0.12407465605736873
T00345,1.0262422977063477,0.09296680684426864,1.4106558758251424,0.9169547426127421,0.4937011332124003,8.388631760150108,14.182224584628953,54.7431310759624,0.4361192497471305,54.30701182621527,2,4,6,35,0.5714285714285714,1.1428571428571428,1.7142857142857144,D23,V23,2026-08-04,35,12.4,24.0,60.7,0.40841479702692457,1.8806437278579755,1.1445292624424501
T00346,1.0191867168337119,0.0884303861409588,1.2754548208384333,0.8918407929669958,0.3836140278714375,4.777801978870823,8.82717983739335,43.8490205135759,1.2961867149450346,42.552833798630864,2,1,3,22,0.9090909090909092,0.4545454545454546,1.3636363636363635,D24,V24,2026-08-04,22,15.36,19.5,62.5,0.3063236067997427,0.5746148444650444,0.44046922563239355
T00347,1.0141955633410022,0.07290694798355182,1.2813539713911999,0.8841476121101046,0.39720635928109527,5.7858590841280195,10.435269997448888,52.93112222501995,0.9679359482941008,51.96318627672585,2,3,5,38,0.5263157894736842,0.7894736842105263,1.3157894736842104,D24,V24,2026-08-04,38,15.03,26.5,67.0,-0.0430280917213912,0.9668080557760557,0.4618899820273322
T00348,1.0164869352701913,0.07648897503820673,1.2065865074664144,0.9030232555144967,0.3035632519519177,5.168498974646439,9.18818548768894,45.94172504379869,1.3568345514468594,44.58489049235183,2,1,3,22,0.9090909090909092,0.4545454545454546,1.3636363636363635,D24,V24,2026-08-01,22,14.27,22.8,47.1,0.03758467092843773,0.6626596374796088,0.35012215420402326
T00349,1.0342565720881967,0.12423335612565414,1.568460710378172,0.8870524223516894,0.6814082880264827,4.696566877812874,8.501736014537393,48.18030095381307,1.0863240768757727,47.09397687693729,3,1,4,29,1.0344827586206897,0.3448275862068966,1.3793103448275863,D24,V24,2026-08-04,29,16.9,28.9,56.2,1.1120618878059003,0.4952431393469671,0.8036525135764337
T00350,1.0398872622316986,0.1147916710698153,1.5916978356459495,0.908363913858317,0.6833339217876324,5.745693646097789,9.782068575264221,45.43552134618904,0.5060632371551999,44.92945810903384,4,4,8,42,0.9523809523809523,0.9523809523809523,1.9047619047619047,D24,V24,2026-08-06,42,21.2,27.6,68.5,0.899578758893827,0.8075003442042886,0.8535395515490578
T00351,1.0511915855570355,0.11544265306299879,1.6684010309275166,0.9675815211133375,0.7008195098141791,4.334388796304191,5.845829164516418,40.91100585417083,0.9155326318597279,39.995473222311105,5,2,7,45,1.1111111111111112,0.4444444444444445,1.5555555555555556,D24,V24,2026-07-31,45,32.19,24.7,54.2,0.9142289712191689,-0.1524995446930025,0.3808647132630832
T00352,1.058903774393866,0.09496657814289612,1.2736377035876412,0.9538411817488276,0.3197965218388136,4.726974204770226,8.937843297795993,45.074717969167594,0.30724582991474436,44.76747213925285,4,1,5,23,1.7391304347826086,0.43478260869565216,2.1739130434782608,D24,V24,2026-08-02,23,9.59,29.1,56.1,0.45341922792330935,0.6016042875871903,0.5275117577552498
T00353,1.0175755067210241,0.03769139937754216,1.0586963681811703,0.9441631214996696,0.11453324668150067,6.2265794829491545,8.55648874092957,33.08988062837338,2.0705796289928093,31.01930099938057,0,1,1,12,0.0,0.8333333333333333,0.8333333333333333,D24,V24,2026-08-01,12,7.4,28.4,41.2,-0.8355465786129603,0.5085966490724663,-0.16347496477024703
T00354,1.0667853736593078,0.1507131518503852,1.776017173340393,0.9304815957341661,0.845535577606227,7.562576505248867,12.716017193580173,55.51087641174475,0.8737276463521112,54.637148765392645,8,5,13,44,1.8181818181818183,1.1363636363636362,2.9545454545454546,D24,V23,2026-08-01,44,13.82,25.0,45.2,1.7079841003418825,1.523053961172567,1.6155190307572247
T00355,1.0170219546636934,0.07519088501220869,1.257755938169246,0.8910875377873938,0.3666684003818522,4.5989784547127,7.311832177167782,50.14870885675921,0.5249761899362675,49.62373266682294,4,1,5,42,0.9523809523809523,0.23809523809523808,1.1904761904761905,D24,V24,2026-07-31,42,7.91,22.1,49.4,0.00837142893801076,0.20504037664044952,0.10670590278923014
T00356,1.0548385678212227,0.14852970293244966,1.731554503906822,0.8979381938641434,0.8336163100426787,5.508924057695438,9.375924336055094,52.17913184406195,1.4746185947559458,50.704513249306004,7,3,10,40,1.75,0.75,2.5,D24,V24,2026-08-04,40,20.1,28.7,57.7,1.6588460433998418,0.7084468101503313,1.1836464267750866
T00357,1.015890755980871,0.05737239435250192,1.1658215987019627,0.9268646071568383,0.2389569915451244,4.857271384133712,7.706817942186604,45.200532076514314,1.1604740410711478,44.04005803544317,2,1,3,30,0.6666666666666666,0.3333333333333333,1.0,D24,V24,2026-08-02,30,10.5,35.7,69.3,-0.39262994163022985,0.3013724974709871,-0.045628722079621375
T00358,1.0320145815682493,0.06303982525143474,1.2149283929516175,0.905753829691048,0.30917456326056947,5.383824343402441,7.832282736020372,34.46900781861874,0.6351377803280167,33.833870038290726,2,2,4,26,0.7692307692307693,0.7692307692307693,1.5384615384615385,D24,V24,2026-08-05,26,12.02,25.5,50.8,-0.26508560572236134,0.3319718019269262,0.03344309810228244
T00359,1.0206015351252031,0.09244026806968854,1.38445151594413,0.8749137100308807,0.5095378059132493,4.764015229922811,7.560705059202108,43.12978900945378,1.2429400629153444,41.886848946538436,2,2,4,29,0.6896551724137931,0.6896551724137931,1.3793103448275863,D24,V24,2026-08-01,29,13.09,29.6,57.4,0.39656515306457696,0.26573738060066143,0.3311512668326192
T00360,1.0202873442465314,0.048622877143551894,1.1114863921794096,0.9230655448016679,0.18842084737774167,8.105068986556432,13.181526739015167,44.63828177696808,0.7922752047110903,43.84600657225699,0,2,2,16,0.0,1.25,1.25,D24,V24,2026-08-04,16,4.84,25.5,46.1,-0.5895359792742232,1.6365859558673013,0.523524988296539
T00361,1.0042572506976697,0.04565055701054185,1.0883740165953981,0.9141783195854079,0.17419569700999027,5.579581036579083,9.26686882214937,40.649386219228454,0.9689685237405805,39.680417695487876,0,2,2,25,0.0,0.8,0.8,D25,V25,2026-08-01,25,11.0,24.9,37.2,-0.6564274163699517,0.681849525201842,0.012711054415945167
T00362,1.0374189819551005,0.05480731216879233,1.1075003386003999,0.942096067288257,0.16540427131214286,3.685287555286577,1.5478828115638703,6.341860925627429,1.4685366866374159,4.873324238990014,0,0,0,11,0.0,0.0,0.0,D25,V25,2026-08-04,11,5.74,30.3,46.1,-0.450356574650484,-1.2007152629887312,-0.8255359188196076
T00363,1.0129383059361547,0.05531469163935102,1.124794203399004,0.9312244627370997,0.19356974066190424,3.1263254710124717,1.2701941178394909,6.4637527799259145,1.5847397262642215,4.8790130536616925,0,0,0,23,0.0,0.0,0.0,D25,V25,2026-07-31,23,13.81,17.3,39.1,-0.4389381067803456,-1.2684400854158289,-0.8536890960980872
T00364,1.0609639825211548,0.11396650781946847,1.4900677836930776,0.9534275011766756,0.536640282516402,5.436793651001685,8.390100225163279,33.8060068626864,0.570701322935211,33.23530553975119,5,2,7,26,1.9230769230769231,0.7692307692307693,2.692307692307692,D25,V25,2026-08-04,26,18.51,19.6,39.9,0.8810086341480834,0.4680165572687822,0.6745125957084328
T00365,1.0393352472624646,0.10738854000613166,1.5238877911447417,0.9453094731356498,0.5785783180090919,4.913694186320077,6.855592690429025,46.896194941594146,0.8883692925805123,46.00782564901363,3,2,5,42,0.7142857142857142,0.47619047619047616,1.1904761904761905,D25,V25,2026-08-01,42,24.82,29.8,51.1,0.7329728572084194,0.0937692340915884,0.41337104565000393
T00366,1.031817874100521,0.10995526802703344,1.5015142356967515,0.9004898666836846,0.6010243690130669,5.828458766327685,8.941082580579442,40.42150046695447,1.494356048604214,38.92714441835025,3,3,6,32,0.9375,0.9375,1.875,D25,V25,2026-08-06,32,9.26,30.7,49.0,0.7907365294472252,0.6023943084135981,0.6965654189304116
T00367,1.025525479571059,0.05497731142929549,1.18330934247981,0.9221117068988984,0.2611976355809116,4.797059530735774,6.821560807801717,37.805016862845065,0.9239588735436226,36.88105798930144,1,2,3,36,0.2777777777777778,0.5555555555555556,0.8333333333333333,D25,V25,2026-08-04,36,17.45,26.6,45.1,-0.4465307771820426,0.08546928072696965,-0.18053074822753648
T00368,1.0217458873943146,0.054683654842364024,1.1374603289785539,0.9165375060519891,0.22092282292656473,6.787799202481495,11.787813547243285,51.4708315456434,0.23853720883753127,51.232294336805865,0,4,4,43,0.0,0.9302325581395349,0.9302325581395349,D25,V25,2026-07-31,43,23.73,23.0,42.7,-0.45313945667599065,1.2966766237259642,0.42176858352498675
T00369,1.0292116743045023,0.07927952654604864,1.240779593642642,0.9126554662083606,0.32812412743428143,2.8067415215513742,1.3986775435802163,6.452859831113644,0.4411349000022555,6.011724931111388,3,0,3,32,0.9375,0.0,0.9375,D25,V25,2026-08-06,32,18.87,16.1,33.1,0.10038544348861432,-1.237104574140917,-0.5683595653261514
T00370,1.0856065205549519,0.18814672308055705,1.6823430090204554,0.9715070766597637,0.7108359323606918,6.2505723808045035,8.685668194695843,34.5972325482834,1.720058138552299,32.877174409731104,2,1,3,13,1.5384615384615385,0.7692307692307693,2.307692307692308,D25,V25,2026-08-03,13,7.51,20.2,33.4,2.550418718135138,0.5401019129354373,1.5452603155352878
T00371,1.0664765118260775,0.2379602407495693,1.7782930017294676,0.8761489599377494,0.9021440417917181,10.036501801340153,15.563146832578038,52.211602158907176,1.1781341180018512,51.033468040905326,3,4,7,18,1.6666666666666665,2.2222222222222223,3.888888888888889,D25,V25,2026-07-31,18,9.05,27.4,44.1,3.6714614169575257,2.2174335077141416,2.944447462335834
T00372,1.0206846038533097,0.05969358796777939,1.1851404980001317,0.9012180646214323,0.2839224333786994,4.606022760064135,5.796214370015576,31.158557412049742,0.6128621378417825,30.545695274207958,2,2,4,45,0.4444444444444445,0.4444444444444445,0.888888888888889,D25,V25,2026-08-03,45,13.56,27.2,46.1,-0.34039196935430904,-0.1645999766632778,-0.25249597300879345
T00373,1.0157541102063714,0.1199463087335577,1.4788941814747936,0.9188781203184675,0.5600160611563261,5.648196009875689,12.11439416255413,58.206042641636444,0.9906058752097123,57.215436766426734,1,1,2,21,0.47619047619047616,0.47619047619047616,0.9523809523809523,D25,V25,2026-08-03,21,10.0,16.0,38.2,1.0155827913014401,1.37632557840041,1.1959541848509252
T00374,1.015018820480361,0.08187208878746785,1.3511805948873008,0.8981792694111794,0.4530013254761214,4.77721982965663,7.18930142410331,43.395532028078655,0.5239274758971895,42.871604552181466,2,2,4,41,0.4878048780487805,0.4878048780487805,0.975609756097561,D25,V25,2026-08-04,41,12.55,24.4,43.0,0.15873050940620545,0.17515664827595787,0.16694357884108166
T00375,1.0402629749103458,0.13615680102379457,1.5402246589377797,0.8891900809163359,0.6510345780214438,4.429075176893931,5.1524721749210896,28.2474388219534,0.79328431221095,27.454154509742448,3,3,6,31,0.967741935483871,0.967741935483871,1.935483870967742,D25,V25,2026-08-01,31,10.74,14.4,31.8,1.3803964980353334,-0.3216007002680954,0.529397898883619
T00376,1.0038991070196814,0.05289931504315795,1.1037853052111177,0.8906093419676216,0.21317596324349608,2.921826480788177,1.3500611160473555,6.496252766018268,0.49558046773455466,6.000672298283713,0,0,0,19,0.0,0.0,0.0,D26,V26,2026-08-02,19,11.35,31.1,42.3,-0.4932956471584492,-1.2489615168112977,-0.8711285819848735
T00377,1.0212755123874848,0.048975850726395334,1.11354658636269,0.8867068286643562,0.22683975769833387,5.4890164826887435,9.870341085052663,41.37990454314751,0.7163797875428927,40.66352475560462,0,3,3,38,0.0,0.7894736842105263,0.7894736842105263,D26,V26,2026-08-04,38,15.33,18.4,25.6,-0.5815923833099099,0.8290289126542171,0.12371826467215358
T00378,0.9944122315892389,0.0281006458400515,1.0549265377266797,0.9463286955387118,0.10859784218796786,4.27725818456089,7.8571414518794835,44.86248544162483,1.1325634640054392,43.72992197761939,0,1,1,29,0.0,0.3448275862068966,0.3448275862068966,D26,V21,2026-08-01,29,20.4,31.1,41.0,-1.051384462234201,0.338034533883147,-0.356674964175527
T00379,1.0237563677042252,0.08488937394701965,1.3256232496452378,0.9322821461338837,0.3933411035113541,5.263820215122077,8.511488723443254,36.677351322035236,0.40422765862815474,36.273123663407084,1,2,3,17,0.5882352941176471,1.1764705882352942,1.7647058823529413,D26,V26,2026-08-06,17,9.24,30.0,39.5,0.2266338749315206,0.4976217038825768,0.3621277894070487
T00380,1.0037922059438196,0.0447606590450854,1.1249222195334216,0.9178327734396937,0.20708944609372792,4.457176113203195,7.64482030480351,47.09684702822472,1.0331505214633538,46.06369650676137,0,1,1,34,0.0,0.29411764705882354,0.29411764705882354,D26,V26,2026-07-31,34,19.69,33.9,43.3,-0.6764543822128487,0.2862520439647411,-0.1951011691240538
T00381,1.0052655318565549,0.04879199606087156,1.184252084650899,0.9055677776952976,0.2786843069556014,3.092408728296149,1.6232278298021228,6.917535688379208,0.38652296180175383,6.531012726577454,1,0,1,26,0.38461538461538464,0.0,0.38461538461538464,D26,V03,2026-08-02,26,13.07,19.4,30.1,-0.5857299937432737,-1.1823395491182314,-0.8840347714307526
T00382,1.0510221806782731,0.16161148087675864,1.7701090361895788,0.9327711402053561,0.8373378959842227,4.44644263815801,2.9018838329942245,15.481453420141147,1.037978805178603,14.443474614962543,2,2,4,26,0.7692307692307693,0.7692307692307693,1.5384615384615385,D26,V26,2026-08-06,26,10.95,24.9,39.1,1.9532486942932596,-0.8704912358142723,0.5413787292394936
T00383,1.0378323099121909,0.1599805629248211,1.8646045157083577,0.9147518789267394,0.9498526367816184,4.13575941790627,4.860638593646419,33.13005885898786,1.0268885041717042,32.10317035481616,2,3,5,45,0.4444444444444445,0.6666666666666666,1.1111111111111112,D26,V26,2026-08-05,45,16.44,18.1,28.7,1.9165452300941173,-0.39277528503425874,0.7618849725299293
T00384,1.0254114120711988,0.046424801730568725,1.095427313882578,0.9257175595180206,0.16970975436455749,2.2639558053109416,1.093498011784447,4.282814495165534,0.9921693403849969,3.2906451547805364,0,0,0,10,0.0,0.0,0.0,D26,V26,2026-08-04,10,4.47,21.4,24.0,-0.6390032023994566,-1.3115340704306278,-0.9752686364150422
T00385,1.0337226633244845,0.12442026388345716,1.590096223503471,0.882444899129685,0.707651324373786,3.2971624720932224,1.8826667529625252,9.361164457480704,0.34727510708370674,9.013889350396997,2,1,3,30,0.6666666666666666,0.3333333333333333,1.0,D26,V26,2026-08-02,30,18.3,20.8,34.1,1.1162682074364587,-1.1190656189986448,-0.0013987057810930237
T00386,1.0099921567909265,0.06138769545297871,1.2394886042235322,0.8920902420719554,0.3473983621515768,3.1734741776318125,1.4273580322722106,6.125357132445422,0.9739096467332069,5.151447485712215,1,0,1,42,0.23809523809523808,0.0,0.23809523809523808,D26,V26,2026-07-31,42,21.24,18.9,31.1,-0.3022664380492899,-1.2301097592720207,-0.7661880986606553
T00387,1.0158899640250312,0.056945514659899235,1.1535467047328427,0.9407592678257279,0.21278743690711477,4.815742460883161,8.783911904586256,39.791580767795594,0.952260468569393,38.8393202992262,1,1,2,18,0.5555555555555556,0.5555555555555556,1.1111111111111112,D26,V26,2026-08-04,18,7.1,28.1,38.5,-0.40223677899207866,0.5640623332091972,0.08091277710855926
T00388,1.0048189293348482,0.04788676698205951,1.1069010795911258,0.9182347194481377,0.1886663601429881,3.50032227606884,1.0975780791830851,5.68317692844416,1.6480898033784444,4.035087125065716,0,0,0,32,0.0,0.0,0.0,D26,V26,2026-08-05,32,18.94,23.6,35.4,-0.6061019830556296,-1.3105389926823863,-0.9583204878690079
T00389,1.0104205379729587,0.04420294994864912,1.1009945503952323,0.9476460309630385,0.15334851943219385,2.5748454908952403,1.2304655082913285,5.216023389518111,0.8860022573334675,4.330021132184643,0,0,0,14,0.0,0.0,0.0,D26,V26,2026-08-03,14,6.6,25.6,35.2,-0.689005507688086,-1.2781293997009664,-0.9835674536945263
T00390,0.9979847885064961,0.04972876814230292,1.1068396451157685,0.8636776018862594,0.24316204322950907,4.033448504592197,7.442689866876647,48.42572250364469,0.40422765862815474,48.02149484501654,0,1,1,39,0.0,0.2564102564102564,0.2564102564102564,D26,V26,2026-08-06,39,16.56,27.2,36.9,-0.564648135816132,0.236954941399609,-0.16384659720826153
T00391,1.0124100277999435,0.04267345301701524,1.079654111278237,0.9405599396104428,0.13909417166779414,5.129277512286935,10.63155526261497,53.646614059043834,0.40693979898751614,53.23967426005632,0,1,1,23,0.0,0.43478260869565216,0.43478260869565216,D27,V27,2026-08-02,23,12.3,23.9,47.3,-0.7234265132366668,1.014679593324585,0.14562654004395903
T00392,1.0093521044052873,0.043237022449937525,1.0983068787911692,0.9378603307529326,0.16044654803823655,2.995941157766219,1.2100576959258074,5.736366445756408,1.8541574906139986,3.8822089551424095,0,0,0,13,0.0,0.0,0.0,D27,V27,2026-08-03,13,9.89,27.4,43.3,-0.7107435021260098,-1.2831066115926117,-0.9969250568593108
T00393,1.0060141156312987,0.054695222031630034,1.18130013121137,0.920416210200581,0.26088392101078905,3.000577694358535,1.3396955853791326,6.5342482352601206,0.6122907805936654,5.9219574546664555,2,0,2,45,0.4444444444444445,0.0,0.4444444444444445,D27,V27,2026-08-05,45,18.97,22.1,33.8,-0.45287913952355185,-1.2514895409611209,-0.8521843402423364
T00394,1.032366349029333,0.0821374831527236,1.3918124873703352,0.9363530317140005,0.4554594556563347,5.38668955252929,7.620081148756404,40.51805029860149,1.1595688854052615,39.35848141319622,3,3,6,35,0.8571428571428572,0.8571428571428572,1.7142857142857144,D27,V27,2026-08-03,35,21.17,27.5,39.1,0.16470315356788515,0.2802184711612713,0.2224608123645782
T00395,1.009467578096337,0.0469065139723703,1.1219385009883562,0.9404493606781813,0.18148914031017493,3.661045677538441,1.550901101363671,6.214515266696188,0.6357672530100933,5.578748013686095,0,0,0,18,0.0,0.0,0.0,D27,V27,2026-08-03,18,9.8,20.5,42.3,-0.628162370093792,-1.199979139605444,-0.9140707548496181
T00396,1.012400839164358,0.04649508715192433,1.1158221184400314,0.9531867602941199,0.16263535814591157,7.230351537984023,11.81197348293076,49.5653840901087,0.809814793641114,48.755569296467584,0,2,2,19,0.0,1.0526315789473684,1.0526315789473684,D27,V27,2026-08-01,19,7.9,17.6,32.0,-0.6374214438300679,1.302568931879887,0.3325737440249095
T00397,1.0504717576513751,0.19151726358730936,1.708688385867944,0.9498236678457743,0.7588647180221697,6.25457470243083,8.9135796749591,34.249430652202086,1.1000454536063498,33.14938519859574,1,2,3,14,0.7142857142857142,1.4285714285714284,2.142857142857143,D27,V27,2026-08-05,14,8.74,18.8,30.2,2.6262720206721384,0.5956866914257217,1.61097935604893
T00398,1.0077350114526589,0.03882424902422731,1.1460148341099254,0.9501205186711842,0.19589431543874125,4.012235458352802,6.461696589601821,41.05737570766062,0.9708243919473799,40.08655131571324,1,1,2,36,0.2777777777777778,0.2777777777777778,0.5555555555555556,D27,V27,2026-08-06,36,14.8,29.8,51.3,-0.810052036474453,-0.0022971311804755585,-0.4061745838274643
T00399,1.008478237607819,0.04489775828000683,1.100354033936351,0.9361853448970455,0.16416868903930537,3.0067221373052493,0.7218477595327196,4.674376963831651,1.5885213250063719,3.0858556388252785,0,0,0,11,0.0,0.0,0.0,D27,V27,2026-07-31,11,6.0,24.8,45.7,-0.673368992874476,-1.4021749496149878,-1.037771971244732
T00400,0.9997262010390852,0.030435933109425533,1.0521259430315366,0.9588644325450809,0.0932615104864557,5.993846183764054,11.574625630726699,47.540635250278264,0.6685057965343307,46.87212945374393,0,1,1,15,0.0,0.6666666666666666,0.6666666666666666,D27,V27,2026-07-31,15,7.65,24.5,37.0,-0.9988293152482014,1.2446827395096363,0.12292671213071743
T00401,1.009330109290783,0.03323838369637731,1.0663156193172827,0.9530655801150307,0.11325003920225196,4.565803115896786,7.1110701876722135,41.73032710152174,0.5371219600798315,41.19320514144191,0,1,1,30,0.0,0.3333333333333333,0.3333333333333333,D27,V27,2026-08-06,30,12.18,21.7,42.7,-0.9357607564247165,0.15607702164626494,-0.38984186738922577
T00402,1.0248963857302429,0.056028231721498685,1.2178485127469671,0.9469049582719482,0.27094355447501894,4.737283077970743,7.225731851554625,41.51042519656959,1.0973149046650192,40.41311029190457,1,1,2,29,0.3448275862068966,0.3448275862068966,0.6896551724137931,D27,V27,2026-08-01,29,12.4,21.0,40.1,-0.4228800378697381,0.1840415769239078,-0.11941923047291515
T00403,1.033828949220215,0.10247426870461436,1.5148798632234834,0.9133422140687466,0.6015376491547368,6.024253810622238,10.491554756731297,49.314236281220055,0.5094114250780012,48.804824856142055,2,3,5,33,0.6060606060606061,0.9090909090909092,1.5151515151515151,D27,V27,2026-07-31,33,11.2,22.5,40.0,0.6223782190380371,0.9805352092896825,0.8014567141638598
T00404,1.0307381360039125,0.12023012972572532,1.6152513736257896,0.9520357136158285,0.6632156600099611,6.716996197894594,10.870588268098563,45.40440176899152,0.9518403227432635,44.452561446248254,1,3,4,29,0.3448275862068966,1.0344827586206897,1.3793103448275863,D27,V27,2026-08-05,29,8.97,19.6,35.0,1.0219701228116571,1.0729767736435636,1.0474734482276102
T00405,1.032210254966337,0.05999212874884575,1.193119021724153,0.9313361369559329,0.2617828847682201,3.403825832767504,1.0363980960664911,5.443215961175893,0.9669539802906857,4.476261980885207,1,0,1,16,0.625,0.0,0.625,D27,V27,2026-08-06,16,7.91,22.7,38.3,-0.3336733721024758,-1.325460030471475,-0.8295667012869754
T00406,1.1149570515458949,0.24749212215521754,1.687835892496661,0.9268554364085049,0.7609804560881561,14.518872939306005,19.050525227130002,52.361516402793384,1.3417153200288057,51.01980108276458,2,4,6,11,1.8181818181818183,3.6363636363636367,5.454545454545454,D28,V28,2026-08-05,11,8.66,16.7,25.6,3.8859743956803694,3.0679617713587235,3.4769680835195462
T00407,1.0057368285353836,0.058074379841003464,1.1002558793298947,0.873929058905813,0.2263268204240817,3.105992536804528,1.3215273361589726,5.354185278826275,1.1943617542436629,4.159823524582612,0,0,0,18,0.0,0.0,0.0,D28,V28,2026-08-01,18,8.96,17.1,25.1,-0.3768319064102945,-1.2559205512256866,-0.8163762288179905
T00408,1.0083979055469214,0.03902186046459407,1.0738840719556277,0.9302720032334629,0.1436120687221648,3.329626931235833,1.4964695218959065,6.83772623026105,1.4041723540933286,5.433553876167721,0,0,0,17,0.0,0.0,0.0,D28,V28,2026-08-04,17,10.35,27.3,36.0,-0.8056048327274923,-1.2132543255859713,-1.0094295791567318
T00409,1.0050716869412035,0.04968635875303592,1.1104355001529804,0.906709986710194,0.20372551344278644,2.997199143816504,1.4219518986411372,6.9766109250838975,0.860116271209887,6.11649465387401,0,0,0,31,0.0,0.0,0.0,D28,V28,2026-08-04,31,12.2,23.2,34.8,-0.5656025501683806,-1.2314282480994594,-0.89851539913392
T00410,0.9992698545580112,0.03703296859322826,1.0736582323998638,0.941034537092024,0.1326236953078398,3.018470397396464,1.4712930527144805,6.340268133131279,0.4973932046178355,5.842874928513444,0,0,0,27,0.0,0.0,0.0,D28,V28,2026-08-05,27,11.1,25.1,32.7,-0.8503644244101498,-1.2193945536297741,-1.034879489019962
T00411,1.0186489140307822,0.0787400525758985,1.395107522737943,0.936608776384249,0.45849874635369403,4.9678545606673365,9.065869192874365,54.48282756979487,0.6708203932499369,53.81200717654493,1,2,3,33,0.30303030303030304,0.6060606060606061,0.9090909090909092,D28,V28,2026-07-31,33,24.8,17.3,25.7,0.08824469568076065,0.6328282128178621,0.36053645424931136
T00412,1.036733127324195,0.06808898225294396,1.2703027198270496,0.9520241593573138,0.3182785604697358,3.130909308974841,1.2899751156227228,5.964838639896304,0.8768124086713189,5.088026231224985,1,0,1,22,0.4545454545454546,0.0,0.4545454545454546,D28,V28,2026-08-06,22,13.24,16.7,26.2,-0.15145539334988728,-1.2636157458133317,-0.7075355695816095
T00413,1.0140977906000264,0.058918249607540496,1.2655982774956673,0.9470992556221337,0.3184990218735336,4.002062505123745,4.633074094153766,27.82863273680545,0.64319514923544,27.18543758757001,1,1,2,31,0.3225806451612903,0.3225806451612903,0.6451612903225806,D28,V28,2026-08-04,31,19.8,25.7,42.1,-0.35784079546689324,-0.4482754392254417,-0.4030581173461675
T00414,1.0221136607028494,0.05319077662400622,1.098410214810478,0.9053651197169018,0.19304509509357615,5.072317889159305,9.553507868275283,49.634046782425465,1.2767536959022283,48.357293086523235,0,1,1,24,0.0,0.41666666666666663,0.41666666666666663,D28,V28,2026-08-02,24,11.09,18.0,27.7,-0.4867363658130076,0.7517572273815285,0.13251043078426045
T00415,1.0139516289758679,0.08761633095270134,1.5072627508168572,0.9143265281068903,0.5929362227099669,4.467424281592432,7.144547802026683,48.09402769575449,0.6983552104767315,47.39567248527776,1,2,3,41,0.24390243902439024,0.4878048780487805,0.7317073170731707,D28,V28,2026-08-03,41,14.43,26.9,39.6,0.28800346664625565,0.16424179586530338,0.22612263125577953
T00416,1.0310283013478347,0.08279318414804651,1.405599160500603,0.9131462095414951,0.492452950959108,3.90045528122546,4.206511854654501,28.552045460877228,1.242014492669067,27.31003096820816,2,1,3,39,0.5128205128205128,0.2564102564102564,0.7692307692307693,D28,V28,2026-08-03,39,19.51,19.6,27.1,0.1794595660401285,-0.5523086698792851,-0.1864245519195783
T00417,1.0030058124929047,0.051426266428103384,1.1079805954979536,0.9012535714214951,0.2067270240764585,4.101585834407651,4.312462389404044,25.155639526754232,1.4873130134574901,23.66832651329674,0,1,1,27,0.0,0.37037037037037035,0.37037037037037035,D28,V28,2026-08-04,27,15.05,20.7,28.2,-0.5264462952594288,-0.5264686507710858,-0.5264574730152574
T00418,1.0101918562114796,0.04571947276342666,1.0878906195017952,0.8766601393926838,0.21123048010911138,3.449249927187911,1.663713297832881,7.746199067930025,0.7837091297158659,6.962489938214159,0,1,1,26,0.0,0.38461538461538464,0.38461538461538464,D28,V28,2026-08-01,26,16.94,31.9,40.6,-0.6548764819003425,-1.1724656464523113,-0.9136710641763269
T00419,0.9994220382127379,0.048696190933493665,1.0807173543531166,0.9120992270581091,0.16861812729500747,3.2995191762250005,1.362357099298738,6.0307628041567005,1.0058826969383656,5.024880107218335,0,0,0,21,0.0,0.0,0.0,D28,V28,2026-08-02,21,10.49,21.0,28.1,-0.5878860679091331,-1.2459626792601621,-0.9169243735846476
T00420,0.9923458599814965,0.04830521700359333,1.0827335775711402,0.9122636680258619,0.1704699095452783,3.3267056553587646,1.0502126273702925,5.041170499001199,0.6120457499239743,4.429124749077224,0,0,0,32,0.0,0.0,0.0,D28,V28,2026-08-04,32,15.13,22.1,31.8,-0.596684853661566,-1.32209083791662,-0.959387845789093
T00421,1.0137053551477668,0.10484183730392772,1.5648287446235132,0.9281643173490349,0.6366644272744783,3.7687608296746262,2.725495824658775,15.519655279676801,0.71449282711585,14.805162452560952,1,2,3,33,0.30303030303030304,0.6060606060606061,0.9090909090909092,D29,V29,2026-08-03,33,21.52,26.1,47.0,0.6756598505392887,-0.9135100796230324,-0.11892511454187188
T00422,0.996735474355986,0.026966179459646158,1.041716852124415,0.9306347296334906,0.1110821224909243,3.385892181329084,1.5525118050486033,6.652916653618923,0.6140846847137615,6.0388319689051615,0,0,0,22,0.0,0.0,0.0,D29,V29,2026-07-31,22,16.01,28.7,42.0,-1.0769153886237666,-1.1995863089878855,-1.138250848805826
T00423,1.0002219736007127,0.0355360821428595,1.0560781221102917,0.9378102153421022,0.11826790676818955,3.164563201995075,1.3899315574523723,6.645141082023767,0.7833900688673555,5.861751013156412,0,0,0,43,0.0,0.0,0.0,D29,V29,2026-08-06,43,19.83,31.5,40.8,-0.8840515379623803,-1.2392376114983763,-1.0616445747303782
T00424,0.9987668902534802,0.036637974835699694,1.117964221252183,0.9500452620796548,0.1679189591725282,3.8633695176632936,6.08002103738052,33.68157211295221,0.3841874542459709,33.29738465870624,0,1,1,27,0.0,0.37037037037037035,0.37037037037037035,D29,V09,2026-08-06,27,16.85,27.2,38.7,-0.8592536755347151,-0.09538305647424487,-0.47731836600447997
T00425,1.0051742745644223,0.035520960177478425,1.1221613074776726,0.9401946606953264,0.1819666467823462,3.9738702478278203,7.007706774434937,48.93193946697801,0.6292853089020909,48.30265415807592,0,2,2,45,0.0,0.4444444444444445,0.4444444444444445,D29,V29,2026-07-31,45,23.09,32.2,42.8,-0.8843918546008266,0.1308679693328086,-0.376761942634009
T00426,1.0176139307355725,0.035784367282004334,1.1052176256285455,0.956082109444581,0.14913551618396448,3.3453037002112644,1.5557203068519072,6.6720536568585835,0.39824615503479754,6.273807501823786,0,0,0,34,0.0,0.0,0.0,D29,V29,2026-08-03,34,21.91,31.0,44.6,-0.8784639333223337,-1.1988037952601158,-1.0386338642912247
T00427,1.0206280402625736,0.11370130335627177,1.6519978813545737,0.9219831885669066,0.7300146927876671,2.762564575737445,0.821659135716112,5.521132130279079,0.9783148777362021,4.542817252542877,1,0,1,36,0.2777777777777778,0.0,0.2777777777777778,D29,V19,2026-08-05,36,18.57,25.2,34.4,0.8750402636921514,-1.3778321950088754,-0.25139596565836203
T00428,1.016873612127465,0.04621436644010193,1.0941169955722287,0.9156533186747046,0.17846367689752418,3.498232570207236,1.2963863576388657,5.859470965880793,1.5818027689949212,4.277668196885871,0,0,0,25,0.0,0.0,0.0,D29,V28,2026-08-04,25,10.07,29.3,44.9,-0.6437390041856277,-1.2620521235381255,-0.9528955638618766
T00429,1.022433099149549,0.05577129707178313,1.1629746342891576,0.9532963862304314,0.20967824805872615,6.219260418724692,11.760460230411539,45.10806912294075,0.5598214000911362,44.54824772284961,1,1,2,13,0.7692307692307693,0.7692307692307693,1.5384615384615385,D29,V29,2026-08-04,13,5.45,27.5,34.6,-0.42866229791914806,1.2900054895851523,0.4306715958330021
T00430,1.018941269818767,0.03234417966218584,1.072140848955957,0.9776875779102443,0.09445327104571266,4.6129270252588075,9.174749344612088,43.20089582404513,0.3127299154222378,42.888165908622895,0,1,1,20,0.0,0.5,0.5,D29,V14,2026-08-03,20,8.65,26.4,36.4,-0.9558846294354247,0.6593827291122553,-0.14825095016158474
T00431,1.0036736054886346,0.03953868521538475,1.0899055004907534,0.9327432658561519,0.15716223463460155,4.699359578982037,8.592831536321022,42.80442266869161,0.8108020720249794,41.99362059666663,0,1,1,22,0.0,0.4545454545454546,0.4545454545454546,D29,V23,2026-08-05,22,17.16,31.7,40.0,-0.7939738008197615,0.5174602053497462,-0.13825679773500765
T00432,0.994402376516058,0.04932586695805594,1.0784252408025325,0.9031600079720093,0.1752652328305232,3.302953283297457,1.1513931773775274,5.780008650512557,1.6593974810153231,4.120611169497234,0,0,0,16,0.0,0.0,0.0,D29,V10,2026-08-05,16,11.87,18.4,28.4,-0.5737153419096286,-1.29741415882533,-0.9355647503674793
T00433,1.0196657007608725,0.061445630434708694,1.2143895585848883,0.9456347074848722,0.26875485110001607,4.007214911978206,6.865057628691225,45.16980960774574,1.2188519188154072,43.95095768893033,2,1,3,39,0.5128205128205128,0.2564102564102564,0.7692307692307693,D29,V29,2026-08-03,39,14.96,19.3,30.3,-0.3009626235163281,0.09607761494243847,-0.1024425042869448
T00434,1.0007452099455298,0.04294212106918589,1.0862660815840657,0.9027175638038732,0.18354851778019243,3.2064590158642443,1.2978063810777865,5.747556002336994,0.5728001396647875,5.174755862672207,0,0,0,26,0.0,0.0,0.0,D29,V29,2026-08-01,26,11.06,23.6,29.3,-0.7173801954420876,-1.26170579746358,-0.9895429964528337
T00435,1.0475778769107984,0.19297359042687806,1.7737626673261562,0.7641223723985576,1.0096402949275984,3.8262112852131462,2.607768180059387,16.632934196947932,1.0192644406629714,15.613669756284962,5,1,6,41,1.2195121951219512,0.24390243902439024,1.4634146341463414,D29,V02,2026-08-06,41,16.92,17.9,24.3,2.6590463487460054,-0.9422223895061554,0.858411979619925
T00436,1.0114820502992659,0.03206570134215424,1.0636639506911945,0.9682943767264168,0.09536957396477763,6.263755688955354,12.36162862026854,50.73359734929113,1.1747765745025733,49.55882077478856,0,1,1,15,0.0,0.6666666666666666,0.6666666666666666,D30,V30,2026-08-01,15,8.08,18.8,27.6,-0.9621517252371323,1.4366229910245893,0.2372356328937285
T00437,0.9998779791663904,0.03662368547001348,1.0845252417532751,0.9243868237918582,0.16013841796141692,4.815486513567095,7.007844363680974,41.76164987162265,1.2209013064126029,40.54074856521005,0,1,1,31,0.0,0.3225806451612903,0.3225806451612903,D30,V30,2026-08-02,31,16.49,25.2,58.0,-0.8595752546928016,0.13090152564052396,-0.36433686452613884
T00438,1.0243190705861314,0.09570428042415768,1.470601577586533,0.9356051517600789,0.5349964258264542,5.082994781711771,7.059993852201068,35.33458645576597,1.0198529305738158,34.31473352519215,3,4,7,43,0.6976744186046512,0.9302325581395349,1.6279069767441863,D30,V30,2026-08-04,43,27.75,19.5,35.7,0.47002106202400257,0.14362013799134904,0.3068206000076758
T00439,1.0094194102089216,0.09363446810328674,1.4924908709938565,0.9447650501579744,0.5477258208358821,3.5911398535685524,1.5404089300909816,9.23720737019582,0.61773780845922,8.6194695617366,3,1,4,39,0.7692307692307693,0.2564102564102564,1.0256410256410255,D30,V30,2026-07-31,39,15.57,24.0,40.0,0.42344037270865187,-1.2025380498253282,-0.38954883855833816
T00440,1.005381262185868,0.040252553529968566,1.0962139389735928,0.9299344062889597,0.16627953268463302,4.609371981779334,6.032920534044987,42.22207242663487,1.0135087567455943,41.20856366988927,0,1,1,43,0.0,0.23255813953488372,0.23255813953488372,D30,V30,2026-08-05,43,17.79,17.8,35.1,-0.7779083451074728,-0.10687028406656467,-0.4423893145870187
T00441,1.0064788917451142,0.037145297353963797,1.097903912006875,0.9245696296115291,0.17333428239534587,3.2604723705495076,1.2578027721141731,6.114482807237256,0.9550916186418976,5.159391188595359,0,0,0,39,0.0,0.0,0.0,D30,V30,2026-08-03,39,16.95,14.3,35.1,-0.847836489363943,-1.2714621806895847,-1.059649335026764
T00442,1.0140852366014808,0.049281449142571994,1.2033424284051484,0.93127117425592,0.2720712541492284,6.046017708402506,11.212556872383095,56.05587480362785,0.44754888001200493,55.608325923615844,1,4,5,41,0.24390243902439024,0.975609756097561,1.2195121951219512,D30,V30,2026-08-05,41,15.1,27.1,41.6,-0.5747149554698832,1.1563786676500931,0.290831856090105
T00443,1.0035963021839265,0.03210435852337042,1.0842527380643316,0.9499626308439716,0.13429010722036006,3.1303037400239124,1.1100631059352681,5.404932932053828,1.2667280686871987,4.13820486336663,0,0,0,25,0.0,0.0,0.0,D30,V30,2026-08-03,25,15.35,27.0,51.3,-0.9612817535349247,-1.3074940497700602,-1.1343879016524925
T00444,1.0119107049806813,0.039614224185762624,1.1226219310168495,0.9661356012486031,0.1564863297682464,3.4181349488547736,1.397543133388909,6.136383299631795,1.3028430450365076,4.833540254595288,0,0,0,29,0.0,0.0,0.0,D30,V30,2026-07-31,29,18.85,18.4,40.9,-0.7922738122387231,-1.2373812426927957,-1.0148275274657594
T00445,1.019091387128196,0.07209235091357537,1.2864684216878393,0.9410085015556449,0.3454599201321944,4.398444196126698,6.493799821595862,38.16141899877414,0.459782557302906,37.70163644147123,3,2,5,45,0.6666666666666666,0.4444444444444445,1.1111111111111112,D30,V06,2026-07-31,45,24.13,20.8,40.6,-0.06136042680856559,0.00553244825602229,-0.02791398927627165
T00446,1.0172864038650906,0.07683116992697259,1.260951228240014,0.9144621369963877,0.34648909124362626,4.857727579002006,9.580173723965208,54.26469017694655,1.1555085460523433,53.109181630894206,2,1,3,29,0.6896551724137931,0.3448275862068966,1.0344827586206897,D30,V30,2026-07-31,29,17.61,28.2,42.0,0.04528569465806564,0.7582606982907882,0.40177319647442694
T00447,1.0221008976766623,0.07161614319736105,1.265537435242435,0.9580605408845518,0.30747689435788306,2.5667652526525675,0.9040486050505031,4.14074872456661,0.5040833264451424,3.636665398121467,1,0,1,16,0.625,0.0,0.625,D30,V30,2026-08-05,16,6.7,25.7,47.2,-0.07207738092796995,-1.3577384270354744,-0.7149079039817222
T00448,1.0435243408523724,0.15513297403834111,1.7384631143627984,0.9470311504908379,0.7914319638719606,3.858342542061854,1.8532912244492192,9.34482209568486,0.28460498941515416,9.060217106269706,2,1,3,25,0.8,0.4,1.2,D30,V30,2026-08-03,25,9.63,28.8,43.0,1.8074512655965747,-1.1262299454448645,0.34061066007585505
T00449,1.0031624338817011,0.03241375651475476,1.0734006707655812,0.9265209117985411,0.14687975896704009,2.539892286108726,1.169036129010569,5.052019398220874,0.6445153217728807,4.407504076447993,0,0,0,32,0.0,0.0,0.0,D30,V30,2026-08-04,32,19.35,18.0,33.6,-0.9543188170569917,-1.293111262116026,-1.1237150395865088
T00450,1.0088403569292064,0.0435195375286914,1.1380461326325924,0.9557013131726878,0.18234481945990455,5.672082415084662,10.746297000501464,53.460494760149764,1.6887865466067642,51.771708213543,0,1,1,22,0.0,0.4545454545454546,0.4545454545454546,D30,V09,2026-07-31,22,10.57,21.9,42.5,-0.7043855599214728,1.0426636776569933,0.16913905886776026
